barcode,name
6928804010275,600ml雪碧柠檬味汽水
6914973600997,M&M’s牛奶巧克力豆30.6g
6914973604469,脆米心奶香白巧克力
6914973603394,士力架花生夹心巧克力
6901285991219,怡宝饮用纯净水555毫升
6901028191029,白沙（硬）
6901028001618,双喜(硬经典1906)
6901028134903,金圣（硬红）
6921168593583,农夫山泉茶π柠檬红茶500ml
6934502300709,东鹏特饮维生素功能饮料
6911316375406,阿尔卑斯意韵甜心牛奶夹心硬糖条形
6911316730014,阿尔卑斯树莓牛奶味24支条形装
6923644268480, 蒙牛真果粒椰果粒牛奶250ml
4897049890091,猫屎咖啡饮料
6901347880017,正宗椰树牌椰汁植物蛋白饮料
6901028000826,双喜（软经典）
6907992100043,优酸乳乳饮料——AD钙
6907992502588,伊利蓝梅 250ml
6956367338666,王老吉凉茶植物饮料500毫升
6901285991240,怡宝饮用纯净水350
6934665087653,优益C活菌型乳酸菌饮品原味
6901028118170,利群（新版）
6953668200142,骏力宝迷你Q车
6926656823302,400克加碘海水自然晶盐
6901010108165,健力宝第五季番石榴水果饮料450ml
6901028188074,黄鹤楼（紫）
6928804011326,500ml芬达橙味汽水
6928804011760,600ml可口可乐
6901028180573,黄鹤楼软蓝
6920202866737,红牛维生素功能饮料（牛磺酸强化型）
6921294389463,冰糖雪梨 梨汁饮品
6901347884343,椰树椰汁
6902083881085,娃哈哈大AD钙奶 220ml*4
6937761805015,宝矿力水特饮料500ml
6937994604751,黑水
6935284411218,卫龙亲嘴烧35g
6951592317189,亲嘴豆皮
6926634158501,酒鬼锅巴
4891599338393,加多宝凉茶310ml
4891028164395,进口维他奶原味250ml
4891028705949,维他柠檬茶 500ml(香港进口)
6921294398434,康师傅茉莉清茶（ 调味茶饮品）
6901028315425,红塔山（经典100）
6970972896786,明火打火机
6901028005029,双喜（硬金五叶神）
6901028004947,双喜（软蓝红玫王）
6904406383122,远航精装九江双蒸酒
6907992513560,安慕希希腊风味酸奶200g
6956416203426,美汁源果粒奶优草莓味水果牛奶饮料450ml
6922255451427,饮用天然矿泉水
6970399920019,柠檬味绿茶饮料
6901028000642,双喜（硬经典）
6901028314978,红塔山（硬经典1956）20支
6906664822252,甜牛奶饮品
6921294305012,康师傅 冰红茶（柠檬口味茶饮品）
6901028180559,黄鹤楼(硬金砂)
6901028191296,芙蓉王（硬闪带细支）
6901028111263,南京(炫赫门)
6921168509256,农夫山泉 饮用天然水550ml
6901028006521,双喜（硬祥云好日子）小盒
6921294393798,康师傅茉莉蜜茶（调味茶饮品）
6907992100272,纯牛奶
69024894,士力架35g
6931273213535,口味王槟榔（金玉满堂）
6928804010060,500ml怡泉＋C柠檬味汽水
6900873000777,康师傅珍品红烧牛肉106g
6920180218160,屈臣氏沙示汽水
6921555500071,阿郎炒面香辣肉醬
6926695418224,红豆面包90g
6958214656787,15元叼嘴巴食用槟榔
6902890229995,双汇润口香甜王玉米风味香肠
6925303770563,统一汤达人日式豚骨拉面78g
6925303791155,统一汤达人海鲜拉面72g
6944649700065,饮用纯净水560ml*24
6901028193498,芙蓉王(硬)
6935284412178,卫龙大面筋65g
6953367200078,双十一生榨椰子
6909131280647,520ml35度中国劲酒
6902613100020,泰奇优惠装八宝粥
6925303755461,溜溜哒茶
6956367338680,王老吉凉茶植物饮料310毫升
6901668200235,香蔥餅干
6920548862011,旺仔QQ香橙味23g
6901010117440,健力宝橙蜜味运动饮料（含气型）560ml
6921294357639,蜂蜜柚子 柚子味饮品
6947729700252,（百香公举）百香果果汁饮料
69021824,旺仔牛奶125ml*4
6907992513188,畅意100%乳酸菌饮品
6926475203132,优乐美奶茶（咖啡味）
6902538004045,脉动维生素饮料（青柠口味）600ml
6941543400800,卡乐B乳酸菌饮品338ml
6901028001182,硬世纪经典双喜烟包
6917878030623,雀巢咖啡268毫升
6920202888883,红牛维生素功能饮料
6925303754112,海之言柠檬口味500ml
6931273213559,食用槟榔（鸿运当头）
6921168593552,茶兀 西柚茉莉花茶500ml
6901028074865,红双喜硬荷派
6901028004183,双喜硬经典1906
6970972896366,防风打火机
6901028317122,玉溪（软）
6901028316989,玉溪（硬）
6921294357653,竹蔗马蹄 复合果蔬汁饮品
6901028075770,中华软（盒）
6901028004978,双喜(硬蓝红玫王)
6901028180801,黄鹤楼(天下名楼)
6901028004046,双喜（金01）
6907992512570,安慕希希腊风味酸奶205克
6926832426013,英式麦丽素
6926892524063,花生牛奶复合蛋白饮料500ml
6928758789609,益力多
6921294396362,康师傅 冰红茶（柠檬口味茶饮品）
6931678814139,牛奶梅肉
8888075019095,建牌（薄荷细支1）
6923644268503,蒙牛真果粒牛奶饮品(草莓果粒)250ml
6902083904685,娃哈哈营养快线水果酸奶饮品 红枣枸杞味500ml
6901028227308,龙凤呈祥香烟
6902902011983,500ml厨邦葱姜汁料酒
6914597101412,五羊巧克力味甜筒 73g
4891028170150,维他菊花茶250ml
4891028707851,维他奶（低糖）
6901028005289,双喜（红邮喜）
6901028006859,双喜（软盛世好日子）小盒
6901028075763,中华（硬）
6924160712747,无穷爱辣鸡米10g
6924743918627,乐事大波浪薯片铁板鱿鱼味40g
6928804011142,可口可乐330ml
6901009906406,长城干红神韵750ml
6901009908653,长城出口型解百纳干红葡萄酒750ml
6923450662014,绿箭弹立方留兰香薄荷味
6901028221368,贵烟（新贵）
6908946287322,美年达橙味汽水果味型汽水
6901028311151,云烟软紫
6907992513362,伊利畅意乳酸菌饮品原味100ml*5
6917935002280,合味道香辣牛肉 83g
6920584471017,旺仔牛奶245ml
6920907800210,休闲食品批发好丽友注心蛋黄派138g
6914068020440,JM036洁柔Face百花香味迷你型纸手帕
6908594417027,花王 乐而雅夜用
6901028196468,万宝路(硬冰爵)
6901668006103,奥利奥原味夹心饼干 525g
6907992822723,伊利巧乐兹经典巧脆棒 75g
8858702417624,小老板紫菜（辣香味）
6901028095884,黄果树
6921804700757,陶华碧老干妈风味豆豉280g
6953320200114,记事本
6901028165235,黄金叶（爱尚）
6933182900278,畅优舒
6901424333948,王老吉250ml
6923644278588,巴氏杀菌热处理风味酸牛奶
6920907808032,好丽友鲜香海苔味好多鱼 33g
6923450690642,绿箭脆皮软心原味薄荷糖
4902210309200,七星（风蓝）
6934660520247,苏菲日用
6927157682207,椰牛牌果肉椰子汁
6933066001251,山椒凤爪（抓钱爪38g
6901826837334,南孚聚能环5号碱性电池 
6901028062312,南京(十二钗烤烟)
6901035612340,纯生500ml
6924083400738,蓝带啤酒500ml
6909131169201,中国劲酒 125ml
4897049890268,慕赏猫屎咖啡280ml
6924160714017,无穷农场盐焗鸡蛋30g
6917935002181,合味道香辣海鲜风味面 81g
6917935002259,合味道香浓叉烧面 86g
6923644268510,蒙牛真果粒牛奶饮品(核果粒）250ml
6920727531523,广氏(生力)菠萝啤105_355毫升
6911988013538,达利园草莓味瑞士卷 160g
4719579946157,阿里山（景泰典蓝硬）
6906664823327,红枣枸杞牛奶饮品
6917935006011,日清炒面大葱油肉丝/碗装
6958214616880,和畅叼嘴巴槟榔 30g
6901028942928,双喜(软珍品好日子)小盒
6925526601460,百年糊涂酒超值装125ml
6901010101180,健力宝橙蜜味运动饮料（含气型）330ml
6928804010145,雪碧柠檬味汽水330ml
6901028000932,双喜(硬世纪经典)
6908946287315,百事可乐可乐型汽水 600ml
6917935002921,合味道咖喱牛肉风味
6907878033014,可口可乐 330ml
6937221716332,贤哥鹌鹑蛋藤原香味
6923942505539,龙眼井陈年陈醋500ml
6901028224062,金圣滕王阁紫光
6901028046886,云烟紫
6921294391985,康师傅茉莉花茶1L
6900873000975,康师傅经典香辣牛肉桶面109g
6923450659441,益达木糖醇蜜桃瓶装
6911988011596,达利园法式小面包香奶味160g
6901028075022,软盒中华
6901028942898,双喜(硬精品好日子)小盒
6901028071765,中南海金8mg
6921211101154,曼妥思果汁糖37g
6954432710256,炫迈水密西瓜味50.4g
6924160713331,无穷爱辣鸡翅12g
6938295600459,小猪奇奇蛋
8801116006441,esse爱喜薄荷烟
6921168550111,维他命水热带水果风味500ml
6921168550142,维他命水柑橘味500ml
6901285991271,怡宝饮用纯净水1.5L
6911988014276,达利园和其王凉茶 600ml
6902534023811,甘竹豆鼓鲮鱼227g
6901028055314,软红河
6902088713206,金纺清新柔顺衣物护理剂
6903148225790,飘柔家庭护理兰花长效洁顺水润洗发露190ml
6921340913208,艾诗芬香沐浴露（浪漫花香）
6924757020026,小妮夜棉J5810片
6934445432277,康美杯
6936357800014,益伢留兰薄荷香型云南三七天然炫白牙膏
6939169200652,216万兴塑料纸篓
6943731608449,劲浪844牙刷
6948971496696,昌达牌纯棉竹纤维毛巾（小）
6950475513915,脸盆
6956426822327,大二线衣架
6956430163195,垃圾袋
6957465566050,佳漫奇毛巾
6970275550170,正达佐女拖鞋
6921168504022,尖叫纤维型550ml
6918087101029,奇脆冰雪糕(香草味+芒果味)
6901035609715,青岛啤酒罐330ml
6948960101563,哈尔滨冰爽啤酒330ml
721031960124,珠江啤酒（罐）
6921168559176,农夫山泉饮用天然水4L
6924994120350,好家风超柔卷纸3*2
6958031500034,香其酱熟酱型100g
6907992500010,优酸乳乳饮料——原味
6903148054215,佳洁士3D炫白双效牙膏120克
6938514100449,JOYOUTH江小白单纯高粱酒100ml
6908594414019,乐而雅 10片日用卫生巾
6908594419021,乐而雅零触感 量多夜用
6923644240318,蒙牛低脂高钙奶250ml
6902890234135,双汇香辣香脆肠35g*60
6938751200001,台湾麻署
6925303710446,统一100 原味泡椒牛肉 (袋面）108g
6900873714070,康师傅酸菜牛肉面133g
6926475203149,优乐美奶茶原味80g
4891028165279,维他奶 巧克力味
6907992100272,伊利纯牛奶
6921665707957,思念简装黑芝麻汤圆500g
6932759725313,金沙河原味鸡蛋挂面
69029783,德芙巧克力14g
6938888888851,香飘飘咖啡奶茶80g
6924160712389,无穷原味盐焗鸡翅65g
6925303730574,统一阿萨姆原味奶茶
6930954226659,顺宝360g家用白糖
6971062710678,亿家泡鸭翅
6907992400754,伊利牛奶片 16g
6901754141008,乌江涪陵榨菜-鲜脆菜丝88g
6932829233168,儿童榨菜丝
6956416200067,美汁源果粒橙橙汁饮料450ml
6900873000630,康师傅经典红烧牛肉5连袋面500g
6900873716210,康师傅 经典袋香菇炖鸡面 95g
6921294398342,康师傅劲凉冰红茶550ml
6911988014849,达利园软面包香奶味 160g
6921294305166,康师傅 绿茶 调味茶饮品（蜂蜜茉莉味）500ml
6901028163613,黄金叶(黄金眼)
6923450656150,益達口香糖草莓味道40粒56g
6902902009010,厨邦金品生抽酱油410ml
4891028164456,维他柠檬茶 250ml
6900297888999,陈皮
6900873713936,康师傅葱烧排骨桶面90g
6958214686180,叼嘴巴食用槟榔 18g
6901028079075,钻石(西柏坡）
6900873022953,康师傅卤香牛肉味桶面105g
6902890237136,双汇泡面拍档葱风香味香肠45g
6957427660017,顾大嫂重庆小面
6959104300087,无纺布口罩
721031940102,9度特制纯生啤酒500ml
6903148000274,佳洁士 晶莹薄荷40g
6903148028155,佳洁士草本水晶牙膏140g
6921014085279,新海珠
6901236341582,抽取式维达纸面巾130抽*6
6901236379783,维达海绵宝宝二层迷你巾V0123
6901236380307,维达V2002威牌生活纸巾130抽*5
6903148054581,佳洁士夜间多效护理牙膏120g
6914068012254,洁柔面子抽纸
6922829029243,迷香玫瑰清新剂
6922829029267,清香茉利清新剂
6922829029328,空气清新剂
6924994120930,好家风软抽(300张)
6936176036205,安安空气清香剂(玫瑰香型)
6970114648013,柔美达抽纸
6902265470236,海天黄豆酱230g
6907992100012,优酸乳乳饮料――草莓味
6920448516335,企鹤伞
6902265310259,海天金标耗油265ml
6951097101139,KTZB50
6901347880390,椰树天然椰子汁1L
6914973600041,德芙香浓黑巧克力 43g
6924187820067,洽洽香瓜子160g
6924743915763,乐事无限忠于原味104g
6924743918238,乐事无限青柠味104g
6930272500066,友梦手撕千层堡
6940742900241,南北特嫩仔鱼42g
6950520301603,奥丽优黄桃干
6921168500956,水溶C100柠檬汁445ml
6901028057196,好日子（欢乐颂）
6901028942935,双喜(软锦绣好日子)小盒
6901668004833,奥利奥里拉米苏味95g
6924187828759,洽洽原香瓜子150g
6924406002410,90克仁王兰花豆
6926634158518,零食街蒜香锅巴
6924743919266,乐事青柠味70g
6925303792978,汤达人韩式辣牛肉汤面82g
6926892516082,银鹭牛奶花生复合蛋白饮品370g
6926892568081,椰奶燕麦粥280g
6944437016033,小样小乳酸（原味）
6901028006408,双喜(硬祥和好日子)小盒
6901028154468,泰山(巴哈马)
6901028120692,利群（软长嘴小包）
6923644268480,蒙牛真果粒椰果粒牛奶250ml
6907992507095,伊利金典纯牛奶 250ml*12
6917878027333,雀巢咖啡香滑咖啡180ml
6934024590367,佳得乐蓝莓味600ml
6902538006100,脉动芒果口味600ml
6923928900389,荔浦香芋糕
6925009918849,天喔茶庄炭烧鸳鸯奶茶（奶茶饮料）500ml
6923644241353,早餐原麦牛奶
6917935004253,飞碟炒面XO酱海鲜123g
6921294392401,康师傅乌龙茗茶500ml
6930341500799,原味酸奶饮品
6902083908409,娃哈哈御上坊大红枣枸杞酸奶饮品450ml
6921168593576,茶兀 绿茶500ml
6925320618589,格妮斯电吹风
6939776200922,微型节能吊风扇
6939776201585,中粤夹风扇580mm四叶
6939776201806,180中粤甲壳虫摇头扇
6939776201875,中粤188迷你转页扇
6911988019554,达利园欢乐夹心饼 100g
6900873042715,康师傅桶面(香菇炖鸡味)107g
4891028703280,维他奶黑豆奶 250ml
6970097000631,妙卡奥利奥饼干碎牛奶巧克力单条装 36克
6901424286213,王老吉润喉糖28g
6939229200028,记号笔
6901028100359,硬红长白山
6901028180818,黄鹤楼(天下名楼)
6921294389906,康师傅水蜜桃1L
6901028005203,红色五叶神
6902534238499,甘竹豆鼓鱼184g
6923621000034,山椒小萝卜
6928497328411,野生竹笋
69028458,绿箭柠檬草薄荷味13.5g
6907992513553,希腊风味酸奶—香草味
6901584030305,张裕白兰地（三星）
6954432710706,炫迈草莓青柠味夹心口香糖
6901028001489,双喜（软）
6923450603550,彩虹糖果汁糖45g
6901028003773,双喜（百年经典）
6901028005609,双喜（五叶神金尊）
6902890222217,双汇鸡肉火肠270g
6908594414057,乐而雅零触感特薄（30片）
6970219830030,阿尔卑斯饮用天然矿泉水500ml
6931780720885,天地壹号苹果醋饮品
6923644273651,蒙牛三色雪糕110g
6901028191098,白沙蓝
6901845040333,格力高百力滋微辣虾味 65g
6941051302610,金稻谷橡皮糖袋
6956416203402,美汁源果粒奶优菠萝味水果牛奶饮料450ml
6901028062008,苏烟(五星红杉树)
6901028221443,贵烟（黑跨越）
6921294358674,康师傅 经典奶茶 奶茶饮品（炼乳味）500ml
6902083886455,娃哈哈营养快线水果牛奶饮品（原味）500ml
6920174762921,立白生姜洁精1.5Kg
6900873714216,康师傅酸辣牛肉面120g
6901035601764,青岛啤酒500ml
6901028062343,南京(十二钗薄荷)
6921780238497,美味海虾
6923572313214,品味园香辣虾
6921555522394,今麦郎一桶半香辣牛肉面150g
6950475513984,东旺桶
8888075018609,555双冰
6900873710799,康师傅珍品鲜虾袋面80g
6901715287844,魔法士精品巴西烤肉味面
6925303781699,统一煎茶奶绿绿奶茶原味450ml
6936891520508,添乐卡通王意式番茄味长棒饼干50克
8993175540735,丽巧克纳宝帝香草牛奶威化饼145克
6908946286905,百事可乐可乐型汽水 330ml
6900082020061,公仔海鲜碗仔面85g
6901845040685,格力高百醇巧克力味 48g
6944649700065,饮用纯净水560ml
6901028129855,黄山（壹品之印）
6901028188227,黄鹤楼软雅韵
6931285755405,A5 40页软面抄本
6917935002273,合味道香菇鸡肉  78g
6902890234166,双汇玉米热狗肠40g
6932620201014,電池兩粒裝
6945091708449,真彩金装009中性笔黑
6930662070063,时尚挂钩
4897030400094,澳顿三合一麦片300克
6904468226887,金嗓子喉宝都乐含片22.8g盒
6942506000532,佐餐四宝
6920180209168,碧泉柠檬味型茶饮料
6944649700126,1.5L饮用纯净水
4891599366808,加多宝凉茶500ml
6907992507385,伊利金典牛奶 250ml*12
6901028300056,南京(红)
6928804010381,2L雪碧柠檬味汽水
6942628020555,（非油炸）刀削面酸辣牛肉味
6925370901761,30克凡小妹香辣藕片
6936096275111,千家峒瑶家海带片
6957735788861,椰树牌椰汁245ml
6901028077699,钻石(软绿)
6902265540250,海天番茄沙司250g
6936357800298,云南三七清口气牙膏
6922731881267,ABC亲柔立围 日用棉柔
6922731898081,ABC超级薄棉柔丝薄K13日用卫生巾8片
6922731898104,ABC超级薄棉柔丝薄K14夜用卫生巾8片
6934660528557,超熟睡290弹力贴身柔棉感纤巧夜用 洁翼型 10P
6911316361584,曼受思彩虹糖 37g
6934024590268,佳得乐橙味运动饮料600ml
6923450603574,彩虹(箭牌)原果味彩虹果汁糖(原果味~粒状~硬塑料盒/桶)11462_30克
6932450684766,伶俐宝趣味气球
6901028010108,中南海典8
6921294392685,康师傅酸梅汤500ml
6924187851160,洽洽焦糖瓜108g
6924743919242,乐事墨西哥鸡汁番茄味70g
6954432710720,炫迈双重薄荷味无糖夹心口香糖53.2g
6928580586728,联生蜂蜜柠檬丹
6920548862837,QQ糖荔枝味23g
6971305230147,花生牛轧糖
6921211101017,曼妥思薄荷脆皮软心珠37克
6901236300022,维达冰爽湿纸巾10片
6901028141130,七匹狼(硬蓝)
6902538005844,乐百氏脉动菠萝味600ml
6943731608838,劲浪备长炭高端刷毛牙刷
6924160712723,无穷盐鸡腿70g
6924994120947,好家风面巾秭
8857107231781,小老板日本紫菜（辣香味）
6914597101429,五羊哈密瓜味甜筒  73g
6956416200029,果粒橙橙汁饮料1.25L
6959651640995,真心苹果汁
6928804012583,罐可口可乐香草味汽水
6937221716158,贤哥辣么糕大尚湘式挤压糕点109g
6932496800748,贝奇菜仔奶450ml
6911754104521,100G过桥米线红烧牛肉桶
6924160713201,无穷香辣盐焗鸡翅62g
6933066001459,山椒凤爪160g
6920907809909,好丽友薯愿番茄味 104g
6901028114448,苏烟(软金砂)
914597101405,五羊甜桶
6902083893842,娃哈哈营养快线幸福牵线椰子味500ml
6924160714116,无穷烤鸡小翅蜂蜜味50g
6926634164786,红薯脆
6937221701703,贤哥小麻花奶油味
6947882213491,老村长
6920404488249,酷彩球灌心饼
6940079711923,乐绮小二格饭盒
6900873060269,康师傅珍品香辣牛肉面
6923567880103,咪咪虾条20g
6925303754952,统一小茗同学冷泡青柠红茶480ml
6921555524886,刀削宽面红烧牛肉面
6902890238294,双汇（新）王中王特级火腿肠68g
6938606001005,巧妙挂钓
6953700680826,百洁布
6928804010190,雪碧柠檬味汽水300ml
4891028705635,维他菊花茶500ml
6921168558049,东方树叶  茉莉花茶 调味茶饮料  淡茶
6923173684683,炫彩方形饭盒
6902083894245,娃哈哈营养快线水蜜桃味500ml
6902538007206,脉动mi-pro雪柚味运动饮料500ml
6937082260869,味聚特口口脆榨菜60g
6901754040936,乌江脆口榨菜 175g
6926303911260,锐选果园浓缩奇异果汁
6902538004052,乐百氏脉动橘子味600ml
6931751510064,笨榨熟豆油
6926160705088,三笑完美牙刷
6934502300600,冬瓜汁饮料250ml
6920180219334,屈臣氏蒸馏水 600ml
6944466482045,卡斯丽牙刷
6941051306137,喜羊羊玩具糖水枪
6900873060061,康师傅珍品红烧牛肉面
6944829330297,珍品玻璃杯
6954556480028,90克斟功夫绿茶（912）
6956293500014,健康纸杯
6970972890081,安卓ＵＳＰ数据充电线Ｔepy-c
6956416200425,酷儿橙汁饮料450ml
6914557183441,15克珍珍薯片(热辣味)
6914597101405,五羊香芋味甜筒 73g
6925370901419,淳风派手撕素肉（火锅味）25g
6932028131401,体碱苏打水
6939331314620,肥皂盒
6923450690673,绿箭留兰香薄荷味脆皮软心
6907992511139,伊利谷粒多红谷牛奶饮品 250ml
6937221716127,贤哥棒棒素鸡筋
6937221716172,贤哥辣么小脆脆
6917790974081,安琪酵母 5g
6952813400031,食用青果槟榔(一品口味王爵爷）
6956367338697,王老吉凉茶植物饮料1.5L
6920547852570,蒂花之秀清凉洗发露
6936684802392,马赛克沙爹牛肉粒60克
4891028706656,维他柠檬茶罐装310ml
6901028313513,威斯（小熊猫）
6919892633606,康师傅3加2苏打夹心饼干果香蓝莓味125g
6927018401121,渔米之湘臭豆腐
6927018499050,鱿鱼丸（烧烤味）
6926475204115,原味奶茶22g
6921931833090,跑猪蹄（香辣猪蹄）
6902022134333,蓝月亮全效洗衣液 1Kg
6902022135255,蓝月亮深层洁净洗衣液 1Kg
6931948813015,紫芯蕃薯
6907992511955,伊利QQ星营养果汁酸奶饮品草莓味200ml
6921168550104,农夫维他命水（石榴蓝莓）500ml
6907992500379,伊利高钙奶 250ml
6957465560034,毛巾
6907992513249,畅意100%乳酸菌饮品
6947263700039,不差钱（湘式挤压糕点）
6953320092481,创奕盐津陈皮
6956416203365,美汁源果粒奶优芒果味水果牛奶饮料450ml
6907992513201,味可滋 巧克力牛奶
6935563602054,金厨娘美味凤爪
6951957205755,劲仔小鱼（酱汁味）12g
6970813650010,扬记多味鸡g
6901028185905,黄鹤楼(硬红)20支
6917935002297,合味道猪骨浓骨汤风味 84g
6921168532049,农夫果园-番茄+草莓+山楂汁500ml
6948960106186,哈尔冰高罐
6910772051237,花心王子长筒90G
6951967480036,刷子
920174700800,立白
4891338010535,黑人超白牙膏140g
6903148141304,汰渍洁净薰香洗衣液1千克
6907878200034,芬达橙 2升 PET 瓶
6932496800021,贝奇野菜汁460ml
6928804011296,芬达橙味汽水330ml
6926160707150,三笑完美715
6921823506187,优卡BOX优卡魔盒(原果香味~球状~纸盒)10876_18克
6927157682160,椰牛牌果肉椰子汁
6948500500306,一次性透明碗
6921294389371,冰糖雪梨1000ml
6907992512051,果粒优酸乳酸奶饮品―草莓粒 245g
6924160713522,无穷蜂蜜烤鸡小腿13g
6910019005344,超能青柠西柚皂粉 680g
6900077047707,隆力奇浴之宝薰衣草舒眠型芬芳沐浴露
6926475201329,果汁果冻爽芒果味150g
6933720414618,毛巾
6941051311339,金稻谷
6935284470031,卫来魔芋爽
6934172100425,友我香鸭心
6935253604559,盐焗鸡肫小包
6937221712952,20g贤哥酒鬼花生香辣味
6921294389944,康师傅鲜果橙1L
6924083401773,蓝带银质640啤酒
6944829311029,水杯
6935284412772,卫龙小面筋
6953320091538,软糖
8936063740695,LIPO奶味面包干
8993175537469,丽芝士纳宝帝奶酪威化饼145g
6910772051022,脆宝58G
6923018997558,滋膳堂优级绵白糖500克
6956268356936,袜子
6921294398823,康师傅冰红茶2L
69027215,绿箭绿茶薄荷13.5g
6930954207511,九制话梅
6901236373996,维达至有分量二层卷纸200g*10
6903148144466,舒肤佳椰油香皂
6925526600456,百年糊涂酒超值装125ml
6911988014283,和其正凉茶 1.5L
6920766211110,旺旺仙贝52g*20
6971180117724,蒸的很爱你蛋糕（酸奶味）
6900873711598,康师傅珍品香茹炖鸡面95g
6924743915770,乐事无限嗞嗞烤肉味104g
6907992513645,安慕希希腊风味酸奶高端畅饮系列原味230g
6914973602908,德芙脆香米脆米心牛奶巧克力24g
69028595,绿箭留兰香薄荷味薄荷糖23.8g
6907992512587,伊利味可滋香蕉牛奶 240ml
4891028167747,维他奶香草口味豆奶250ml
6903148048795,飘柔焗油护理洗发露400ml
6959651601156,真心芒果汁
6901668200013,太平梳打饼(奶盐)100g
6923450657638,益达无糖口香糖清爽西瓜味
6923644268497,蒙牛真果粒芦荟粒250ml
6901028162869,黄金叶（喜满堂） 84mm 硬 烤烟型 1盒
6932496800205,贝奇菜子奶
6901028015622,真龙轩云过滤嘴香烟20支
6943052100110,恒大冰泉长白山矿泉水500ml
69025143,益达口香糖香浓蜜瓜味
6921168511280,农夫山泉380ml
6921168504015,HA 农夫尖叫活性肽运动饮料550ml
6923644242923,蒙牛酸酸乳原味250ml
6938606081106,C-8110 加厚保鲜袋20*30CM*120只
6901028000659,双硬盒双喜(醇香)条
6924743915060,乐事美国经典原味40g
6953320092375,创奕九制陈皮
6921168532001,农夫果园橙味+胡萝卜味饮料500ml
6921168532025,农夫果园果汁芒果500ml
6953320092467,创奕咸话梅
6924743919259,乐事黄瓜味70g
6950650218239,亚洲沙示
6907992513652,优酸乳果粒酸奶饮品-黄桃味
6934024550903,立顿英式果味茶 混合水果味红茶饮料500ml
6926265329400,120G上好佳八宝糖
6954909100474,素老妈牛肉
6953320092412,七彩糖
6920180239196,屈臣氏蒸馏水 400ml
6924743919211,乐事美国经典原味70g
6937519000013,果茶之恋
6920484010019,糖朝世家清亲吻海盐柠檬含片
6925303733704,雅哈咖啡饮料（冰咖啡）450ml
6923450605318,绿箭无糖薄荷糖茉莉花茶味23.8g
6937221716189,贤哥名嘴1哥香片素牛肉109g
6907992514048,味可滋草莓牛奶
8857107231774,小老板经典脆紫菜原味36g
6902227014409,嘉顿椰子威化饼干200g
920584471017,旺仔
6902613288889,泰奇八宝粥（超级装）430g
6921555525098,刀削宽面酸辣牛肉面
6902022134319,蓝月亮1袋装 500g
6909548200290,深晖凉粉 250ml
6921294392067,康师傅茉莉清茶1L
6928580586704,蜂蜜陈皮丹
6942628020692,（非油炸）火鸡面
6901028118811,利群（硬长嘴小包）
6932769007997,木木梳子
6902083880804,娃哈哈100ml%*5AD钙奶
6920090600345,1元-香辣萝卜
6934024515100,纯果乐果缤纷热带美味复合果汁饮料500ml
6920548862097,QQ糖水密桃70g
6922858205632,百事可乐零能量可乐型汽水CAN330ml
6924442586394,鹏豪精梳棉隐形女袜
6925257100041,女船袜
6971062710708,亿家泡鸭掌
6944215409149,和味甘榄
6951434905642,86克香脆开心果
6924216870582,真心山楂罐头
6941408428093,实惠装沙琪玛
6921823511136,优卡5 2套餐
6948576408803,水果味切片糖
6901715283525,华丰魔法士（香烤鸡翅味）26g
6926475203125,优乐美奶茶巧克力味80g
6901715283228,魔法士干脆面巴西烤肉味26g
6911988021670,甄好曲奇黄油味
6911988021687,甄好曲奇巧克力味
6902088304237,夏士莲自然护肤香皂
6953320091323,时尚零食125克葡萄干
6934024590466,西柚味运动饮料600ml
6920713217523,清甜杨梅
6924406000867,仁王山楂派
6931948813039,水晶薯仔
6924406000966,220克脆皮水晶枣
6937221706715,南乳花生
6901584000230,张裕金奖白兰地（四星）
6911988007650,达利园香葱咸饼 130g
6911988009784,好吃点香脆核桃饼 108g
6908946284451,百事可乐可乐型汽水
6924743919297,乐事岩烧海苔味70g
6951981908868,绿活冰糖金桔
6906785230165,北京小瓶红星二锅头 100ml
6907938050357,牛奶夹心巧克力角
6925955805750,粗粮消化饼200g
6954556480011,90克斟功夫红茶（913）
6926265329370,冰柠檬味硬糖
6907992511146,伊利谷粒多黑谷牛奶饮品 250ml*12
6922406898996,蓬盛香港橄榄菜180g
6923830302165,鸿福堂咸柑桔500ml
6944466482236,卡斯丽牙刷
6901028143721,万宝路(硬红2.0)
6943731601112,劲浪牙刷
6900873002177,康师傅泡椒牛肉面108g
6901668004895,奥利奥巧轻脆薄片夹心柔滑香草慕斯味 95g
6923942505256,龙眼井绿标山西白醋
6911316541306,阿尔卑斯柠檬牛奶味硬糖棒棒糖 10g*20
6911316570016,阿尔卑斯葡萄牛奶味硬糖棒棒糖 10g*20
6911316540309,阿尔卑斯棒棒糖 10.5g
6911316570306,阿尔卑斯单棒葡萄牛奶味 16g
6926475201367,喜之郎果冻爽葡萄味150g
6922507821695,鸡蛋手擀挂面
4897072050042,字母造型饼干
6924743915121,乐事清新清爽黄瓜味40g
6907992502199,伊利纯牛奶 250ml*16
6923644240424,蒙牛低脂高钙牛奶250ml*16
6926265306234,柑橘味硬糖
6931678817024,185克西琪瑞士糖
6901715287820,魔法士章鱼保罗味面
6921294351941,康师傅茉莉果茶550ml
6901845041248,格力高百醇红酒巧克力味 48g
6921168550098,维他命水蓝莓味500ml
6901028002097,椰树(软)
6923450605660,绿箭炫凉薄荷香口胶13.5g
921211101154,曼妥思
6914973600164,德芙奶香白巧克力 43g
6917878045139,雀巢咖啡1+2特浓105g
6937221717575,24克贤哥烤香肠
6910772000716,月光杯冰淇淋
6935284411768,优卡YK5+2
6924743915848,乐事翡翠黄瓜味104g
6921294353433,500m海晶柠檬
6926292533016,贝卓指甲钳  型号:BZB603
6902227014072,嘉顿威化饼干（柠檬味）200g
6907992500133,高钙低脂奶
6924746200187,南北特香鹌鹑蛋
6902934987171,喜之郎果汁果冻爽（荔枝味可吸果冻）150g
6921168520015,HA 农夫山泉天然水1.5L
6921168593637,农夫山泉水葡萄果汁饮料530ml
6928804010114,可口可乐零度汽水500ml
6971305230130,巧芋软糖
6953645900140,18g辣腮咯酱香味香脖
4891338000918,黑人双重薄荷牙膏225g
6924187860698,怪味花生
6939650400097,翻天薯条
6907992100289,伊利纯牛奶1L
6937519000174,冰喉爽
4891338000925,黑人双重薄荷牙膏175g
6922424880188,孚日 长尾兔毛巾
6921709800118,泰莱205g原味香烤花生
6901028207072,利群（蓝天小包）
6911988005229,达利园手指饼 115g
6927741500580,娃仔酸牛乳
6936684801470,西西果干
4897072050011,120克滨崎牛奶味造型饼干
6900873712793,康师傅葱烧排骨袋面80g
6923644266318,蒙牛特仑苏纯牛奶250ml*12
6925303770556,统一汤达人酸酸辣辣豚骨面83g
6900873085057,康师傅黑胡椒牛排面
6925303721039,统一鲜橙多橙汁饮料450ml
6907992821924,伊利冷饮冰工厂炫菠萝雪泥 80g
6920458814353,午后奶茶（经典原味）500ml
6920458834351,麒麟午后奶茶巧克力味
6906791526016,阿华田机智豆-塑气
6933289720182,咪咪蟹味
6924187834767,32洽洽瓜子
6915961670145,麻薯
6911988021694,甄好曲奇椰奶味
6954432710621,炫迈炫紫无糖口香糖葡萄味21.6g
6937221702281,贤哥盐焗鸡腿75g
6951957205793,劲仔小鱼（糖醋味）12g
6902083880781,娃哈哈桂圆莲子八宝粥 360g
6914557183328,15g珍珍薯片(番茄)
6943098500011,小俊男水煮鱼麻辣脆30G
6934024550705,立顿英式果味茶 蜜桃味红茶饮料500ml
6910772061083,魔术杯冰淇淋
6942628020241,陈村 桶装重庆酸辣粉 110g
6921168504039,红色尖叫运动饮料
6907878200027,雪碧 2升 PET 瓶
6937350212033,家乡人正宗老坛酸菜牛肉粉105g
6921294355383,康师傅 劲凉冰红茶 （薄荷口味调味茶饮品）
6924932645457,正点扑克
6920174736922,立白新金桔洗洁精 408g
6917878000879,雀巢牛奶夹心威化  20g
8858702410816,小老板海苔1
6921353705555,海苔薯片
6931678808770,130g油橄榄
6924187832657,洽洽香瓜子200g
6933196108059,居家达人805衣架
6901028001908,双喜（红玫王硬）
6901028080330,钻石(硬红)
6914973604230,德芙碗装香浓黑巧克力
6903244370790,七度空间优雅夜用卫生巾338mm8片
6920090600284,1元-香辣莴笋
6957354260014,阿华田麦芽乳饮品可可味250mL
6911316375314,阿尔卑斯原味牛奶软糖条形
6901028062329,南京(十二钗烤烟)
6931293200010,李妈霉豆腐
6910772037040,三彩杯
6902088714302,奥妙深层洁净薰衣草洗衣粉500g
6924160713218,无穷香辣味盐局鸡腿75g
6923807807129,饭扫光野香菌280g
6923450662021,绿箭弹立方强劲薄荷味
6901028223751,黄山（记忆)
6903244370424,七度空间优雅系列日丝柔245mm10片
6921294396508,康师傅绿茶1L
6901028188234,黄鹤楼软雅韵
6947144621804,罗巴克醇香拿铁
6920766212803,旺旺厚烧海苔米饼118g
6901028005067,双喜（百年红）
6970692090181,笔记本
6921284494047,洁伶全程护理含香薰片超薄棉柔卫生巾23片
6924160712693,无穷爱辣鸡爪
6930953094044,键能风味发酵乳(草莓果肉)
6933088615351,瓶酸牛奶
6970399920033,石榴味绿茶饮料
6937221717353,贤哥名嘴1哥豆香煎卷109克
6901668053862,奥利奥迷你原味小饼干20g
6920952712087,QQ可乐软糖23g
6901754050119,乌江酱香榨菜
6942506000204,梅菜花生
6924878900900,五贤斋香辣味素牛肉
6959836904058,贤哥旦定一哥盐焗鸡蛋30克
6970996434032,烤鸭腿香辣味
6970399920132,桃香无糖乌龙茶饮料
6903244371018,七度空间网面超薄日用卫生巾10片
6903244371032,七度空间夜网10片
6907992103051,伊利原味酸奶 450g
4891338007351,黑人儿童牙膏(草莓) 40g
6923450681145,大大切切乐青柠味
6902083886417,营养快线菠萝味 500ml
8888075005487,555金
6901028002028,椰树(软)
6907878033021,雪碧 330ml
6924746222219,100克坛子萝卜
6937221704346,贤哥鲜汁鸡肉味面筋150g
6953601802099,麻辣脆骨
6923236120332,脆笋山椒味
6927642420116,虾仔面35g
6930663306390,8822
6959651601163,真心蓝莓汁饮料
6920727531523,广氏(生力)菠萝啤330毫升
6911988005861,达利低糖芝麻酥130g
6901209212895,光明酸牛奶原味乳酸菌饮品180ml*12
6924406002038,160仁王玉米味糖
6922635810431,蚊香
6932759722947,金沙河珍品龙须挂面
6901668005922,奥利奥缤纷双果味夹心饼干甜橙味+芒果味97g
6901721496223,卡夫麦斯威尔原味咖啡
6926634158099,紫薯仔
6926303910164,锐选果园浓缩芒果汁
6902312300813,榄菊电热蚊香片34ml 1*2 
6936519650204,博宝5020胶水
6949639200181,彩蝶沐浴花
6901028193856,芙蓉王(蓝)
6911988005809,达利早茶饼150克
6950475501141,时尚双格饭盒
6920548867313,旺旺QQ糖(青苹果)23g
6932450684773,派对气球&水炸弹
6918962006647,裕湘金谷飘香宽面
6920766212094,旺旺雪饼84g
6920907808179,好丽友脆香烧烤味好多鱼33g
69019388,绿箭15g
6901035607216,老青岛啤酒600ml
6938841103007,红包
6921665707940,思念灌汤水饺500g
8858702403597,小老板脆紫菜(山葵味)
6909493400165,和路雪可爱多蛋筒香草味冰淇淋 67g
6922956301038,鸭翅
6926265339133,上好佳日本鱼果海苔味
6911316400016,阿尔卑斯卷糖 31g
6901028111270,南京(炫赫门)
6920907808117,好丽友好多鱼（浓香茄汁味）焙烤型马林薯膨化食品33g
6921294305104,康师傅水蜜桃汁饮品450ml
6934135701676,水果捞芒果汁饮料
6970509678892,麦片巧克力
6931355901152,百香公举
6931273213238,食用槟榔（青出于蓝）
6925678103133,22g鱼豆腐-香辣味
6902538005141,乐百氏脉动水蜜桃味600ml
6921294399639,康师傅番石榴汁450ml
6907992102764,伊利畅轻燕麦+草莓 250g
6907992103211,伊利畅轻燕麦+黄桃 250g
6924743915084,乐事意大利红烩味40g
6955695714432,健将袜子
6928804011203,可口可乐1.25l
6921294351743,康师傅柚子绿茶500ml
6920090600260,香辣豆角
6901668053916,奥利奥巧克力小饼干55g
6902022137914,手洗专用洗衣液（薰衣草香）1kg
6903388200007,250g高露洁牙膏(薄荷)×
6901028001885,双喜牌香烟小包硬壳
6924743918658,乐事大波浪香烤鸡翅味70g
6928804011128,可口可乐300ml
6901028182652,黄鹤楼(硬大彩)
6901845041682,百力滋抹茶香草味 45g
8993175537445,丽芝士纳宝帝奶酪威化饼干58g
6948576401200,陈皮梅
6906664822917,木瓜牛奶饮品
6907376211129,强生婴儿洗发沐浴露300毫升
6920180210775,屈臣氏柠檬味苏打汽水
6920421021092,香巴佬香辣鸭翅80克
6931678826613,西琪芒果干
6936684802408,马赛克香辣牛肉粒
6951957205786,劲仔小鱼（香辣味）12g
6970495960049,18克奥尔良鸡排
6926886169317,豆豉100g
6946995502003,手撕千层面包118g
6952163100025,牛肉粒
6956917666461,牙纤
6945607000012,绿豆糕
6923450661789,益达荔枝味
6938606082356,C-8235 180ML航空胶杯50只(两排礼品装)
6931780720199,苹果醋饮料650ml
6924743920996,乐事香浓芝士味马铃薯片70克
6903148099483,舒肤佳纯白清香沐浴露720ml
6901028150361,泰山望岳
6948960100009,百威啤酒600ml
6957857300613,三人行长粒香大米
6902265610014,海天白米醋450ml
6922286888018,广合腐乳335g
6935145301023,RIO锐澳微醺3.8度香橙伏特加味鸡尾酒275ml
6944978703133,猪皮晶(香辣味)
6970726581623,150克野山椒笋尖
6957167202256,按摩卷发梳
6911657931163,广合纯芝麻油（瓶装150ml）
6937221717155,109g贤哥红烧素肉卷
6935041525103,旺仔小馒头250g
6953046392001,两用开酒器
6921709800873,小籽五香花生@
6924442586097,鹏豪女精梳棉中统袜
6920174723649,立白漂渍液 600g
6920174761047,立白生姜洗洁精 500ml
4891028169819,维他奶芒果汁250ml
6901285991486,饮用纯净水
6921081200063,香葱酥
6901028079952,钻石(荷花)
6907938050289,金芙脆巧香米巧克力
8993175537629,丽芝士雅嘉好酪玉米棒20g
6902265470267,海天黄酱油340g
6944399234780,民宝超爽火锅面600克
6912003303399,天堂伞
6902890224457,双汇王中王优质火腿肠270g
6901028100366,长白山硬红20*10
6901028126212,黄山（新一品）
6970399920118,醇香无糖乌龙茶饮料
6901028199414,芙蓉(软红)
6933311067209,105克傻二哥小酒花生
6902265114345,特级一品鲜酱油
6949384700028,男装棉内裤
6958949200392,台湾烤鱼丸
6902265908012,海天黄豆酱800g
6903148044711,护舒宝棉柔护垫20片
6907592000026,王致和大块腐乳 340g
6934660534138,苏菲丝薄无香护垫20片装
6953320090852,盐焗腰果120克
6926475201398,喜之郎草莓味果冻
6909409040775,上好佳田园薯片番茄味 50g
6948960100108,百威啤酒330ml
6920421006389,香巴佬酱香腿90g
6921956637826,亨氏番茄酱320g
6944399235145,原汁排骨手拉面
6902265114321,海天特级生抽王500ml
6902265210504,海天草菇老抽500ml
6902534238451,豆鼓海魚罐头 184g
6953260684203,龙泉山凉拌醋420ml
6907992103471,每益添活性乳酸菌饮料-全糖原味 350ml
6953320092351,夹心山楂
6936378300142,食用槟榔（张三疯15元）30g
6921489031474,憨豆兄弟粘钩
6926475201008,喜之郞黄桃&amp;蜜桃果肉果冻200g
6905418008324,麦香鸡块(香葱)108g
6946995500801,唱片面包102g
6921353706125,山药脆片
6957105900305,国进28g香辣金针菇
6928802470361,顾大嫂麻辣味麻辣烫粉饼+面片+配料119g
6902022135514,3kg深层洁净护理洗衣液（薰衣草香）
6922731800770,ABC纤薄棉柔表层夜用护翼卫生巾8片
6934660524818,超熟睡超薄随心翻420 棉质丝薄夜用 洁翼型 4P
6926475204283,麦香味奶茶22g
6970541410207,油炸休闲小点心（虾味油炸糕点）
6923450656181,益达木糖醇薄荷40粒瓶装56g
6936378300128,食用槟榔（张三疯10元）20g
6901028196406,尚品蓝白沙硬盒香烟
6926886169409,太师傅生粉
6908471005026,智汇养生六个核桃
6920404389492,农夫山庄黑加仑李果
6935041525066,旺仔小馒头原味蜂蜜16g
6941025700749,臭豆腐
6901028003452,双喜（花悦）
6951957205779,劲仔小鱼（卤香味）12g
6901798147127,52度泸州御酒顺之雅
6951957205762,劲仔鱼（麻辣）12g
6903244370974,七度空间少女系列夜用超薄棉10片275mm
6903148091432,潘婷乳液修护洗发露400ML
6952813400987,食用青果槟榔（绿钻口味王）24g
6933213204771,爽口佳碳烧兰花串（香辣味）
6934024550200,百事英式柠檬茶
6903148048788,飘柔锔油洗发露200ml
6932332307080,鸡爪
6927018499357,鱼仙贝（香辣味）
6911988005847,好吃点高钙蔬菜饼 130g
6924187851184,山核桃味瓜子
6926104928672,16g31°鲜鱼豆腐-香辣味
6926104928689,31°鲜16g鱼豆腐-烧烤味
6924187860681,青豆
6934024516121,果缤纷橙味
6902227012375,嘉顿草莓威化饼干200g
6902088113129,清扬男士去屑洗发露活力运动薄荷型400ml
6940499800191,A6透明口杯
6910019007614,雕牌超效加酶无磷洗衣粉 508g
6951981908905,绿活菊花橄榄
6906496201560,天天嚼果汁充气糖柠檬味25g
6906496201577,笑咪咪天天嚼（西瓜果汁充汽糖）
6925678103522,26g功夫拉丝派-香辣味
6902083891329,娃哈哈营养快线香草淇淋味500g
6904915642376,蜂花蚕丝蛋白营养护发素450ml
6923450657607,益达无糖口香糖清爽西瓜味12片/包
6901826827540,南孚碱性电池7号
6911316640306,阿尔卑斯棒棒糖柠檬牛奶味 10g
6941051303013,喜羊羊棉花糖28g
6914782202498,徐福记米格玛奶油玉米味 90g
6970972890005,苹果ＵＳＰ数据线
6926292539254,剪刀
6914068012261,JR069-01 洁柔纸面巾（Face软抽)(3包装)
6946805606273,必胜BS-627水果刀
891028705949,胶维他柠檬茶
6917935002150,合味道海鲜大杯面 82g
69028571,绿箭无糖薄荷糖23.8g
6907992102788,伊利低乳糖
6923450657935,益达木糖醇无糖口香糖沁香蓝莓味56g
6902265150008,海天味极鲜特级酱油380ml
6901028053136,玉溪（初心）
6927018401558,肉片
6901845040968,格力高百醇抹茶味 48g
6920484010477,糖朝世家脆皮软心蓝莓味充气糖果
6924810801319,卡士鲜酪乳原味
6936684802569,马赛克蜂蜜加应子
9556345007491,妙妙鱿鱼卷60g
6948939623218,【百草味】无核白葡萄干100g
6927018401541,肉片
6920365271126,天然深井盐200克
6920761200669,加加鸡精100g
6940517512952,麦吉士巧克力酥烤蛋糕75g
8858702414951,小老板烧烤味
6925282243133,棉纸双面胶
6923830301304,鸿福堂冻拧茶
6948135609863,男士内裤
6957465560157,佳漫奇6015毛巾
6957465560263,毛巾
6928035100578,萄萄干
6970644591148,珠江小啤汽果汁气泡啤酒（百香果汁）
6920404307489,农夫山庄九制话梅108g
6903148047811,舒肤佳沐浴露400ml
6910772003731,美怡乐奶昔杯
6935634420037,才子针纺
6928083900069,毛铺苦荞酒（黑荞）42.8度 500ml
6942345401118,渝厨火锅牛肚泡椒
6902265601012,海天添丁甜醋450ml
6956416200012,果粒橙橙汁饮料310ml
6901070600579,云南白药留兰香型牙膏180克
6933066001305,乖媳妇山椒凤爪100g（排爪）
4902210308906,七星（天蓝）
6900873715619,康师傅珍品鲜虾鱼板5包入96g*5
6901028084918,长城纯雅 薄荷
6924743915817,乐事无限鲜浓番茄味104g
6925009920002,天喔茶庄炭烧拿铁咖啡500ml
6921482334206,旺旺泡芙休闲饼干-草莓26G
6923644266066,蒙牛特仑苏纯牛奶250ml
6901028191623,芙蓉王（硬闪带细支）
6908946286943,美年达橙味汽水果味型汽水 330ml
6901845040326,格力高百力滋色拉 65g
6948960100078,百威啤酒500ml
6923450657829,益达木糖醇无糖口香糖冰柠味40粒瓶装
6901028136679,滕王阁（长天一色）
6901028123372,黄山红方印
6928804011227,可口可乐2l
6912398302014,红荔牌红米酒
6907938050371,金芙果仁夹心巧克力角
6917878131504,雀巢糖
6920180209601,屈臣氏苏打水 330ml
6901028317177,玉溪（软）
6917541772140,特制椰子糖120g
6926292539025,贝卓剪刀  型号:BZS004
6923589469195,高洁丝棉柔极薄迷你直条日用卫生巾10片190mm
6920174761535,超威微烟蚊香(清香型艾草植物加大盘)40单盘*18盒
6926865500377,0037衣刷
6911316375307,阿尔卑斯酸奶软糖 33g
6927992570097,食用小苏打（食品添加剂 碳酸氢钠）
6901028143431,万宝路（软红2.0）
6937623400051,劲仔豆干盐焗味25g
6901845042627,百力兹 草莓牛奶味 45g
8858702410847,小老板海苔
8858702418577,小老板紫菜
6902022135231,蓝月亮洗衣液(自然香)500g
6901845041705,格力高百醇草莓香草味注心饼干48g
8858702420273,小老板木留莲味
6923450660508,益达热带炫果味口香糖
6924160714666,无穷农场爱辣鸡蛋
6911316501003,阿尔卑斯巧克力糖
6954556480325,40g斟功夫（商务茶包）茉莉花茶
6937221712969,20g贤哥酒鬼花生原香味
6902902007122,特鲜酱油410ml
6902131110013,梅林午餐肉198g
6936768011191,380克吊炉花生
6928804010091,零度可口可乐330ml
6970504690035,无糖薄荷糖(柠檬味)
6903148091036,护舒宝超值干爽贴身日用卫生巾10
6950035830308,便条纸
6938888888813,香飘飘奶茶香芋味80g
6938888888868,香飘飘草莓味奶茶（调味茶固体饮料）80g
6920448516397,企鹤
6926695418118,心语面包90g
6970972898612,USB充电套装
6928758789661,益力多乳酸菌饮品100ml
6901028138505,七匹狼(软灰)
6909548018888,深晖柠檬茶 250ml
6901333381191,南方黑芝麻乳248ml
6923976111188,溜溜梅九制梅60g
6953320089399,创奕108克香蕉片
4897083400065,蔓越莓味曲奇
6937623400044,劲仔豆干泡椒味25g
8996001350515,钙芝奶酪高钙威化饼干58.5g
6902227014119,嘉顿威化饼干（巧克力味）200g
6901294171657,六神清新滋润沐浴露
6925370901402,淳风派手撕素肉(香辣味)25g
6939241400215,番茄果园
6924757020033,小妮夜用纤巧网面
6926475201350,喜之郎维C果冻爽香橙味150g
6970972890029,安卓ＵＳＰ数据充电线
6909409012048,上好佳芝士条
6922219816101,招牌卤脖（劲辣味）
6938606084381,C-8438 袋装木棒棉签约100支
6922956301021,路路鸭脖
6920907808360,好丽友 好多鱼 蜂蜜牛奶味33g
6937221703042,贤哥牌盐焗猪蹄128g
6924160712334,无穷盐焗原味鸡腿透明装80g
6905418008300,麦香鸡块(辣子)108g
6971171570880,暖贴
6907992512761,安慕希希腊酸奶 205g*12
6923644283575,蒙牛真果粒蓝莓口味250g
4891338010559,黑人茶倍健
6901294171282,六神香皂(绿茶)125g
6902312187872,榄菊蚊香高级型（大盘装）
6934874981179,华利达衣架616
6938902618051,拉芳营养柔顺洗发露（水润去屑）200ml
6945711703045,移动排插 DS-210-3m
6950475513977,桶
6932430201440,粟一烧(香辣味)14g
6920907808278,好丽友蜜香鸡翅味好多鱼33g
6924743918610,乐事大波浪铁板鱿鱼味70g
6953320092887,创奕香桃片
6937221714543,贤哥泡椒豆干25g
6911988005205,达利园熊字饼 115g
6924160712907,无穷爱辣鸡腿70g
6970052480225,蒜香肉骨
6906151600462,牛栏山陈酿白酒500ml
6921168558018,农夫山泉 东方树叶绿茶 480ml
6925009929197,炭烧原香拉茶（奶茶饮料）
6900077113587,隆力奇蛇胆花露水195ml 
6901121300762,900g万丽洁厕精
6903148111093,玉兰油滋润霜30g
6914068000817,洁柔兰极品10卷   
6914068002255,洁柔压花卷纸蓝棕 10+2
6928580585028,甘草梅条
6941115401310,【深层洁净芬香】【强力去渍抑菌香芬】【熏衣草强力去渍】【加倍洁净柔软】洗衣液2kg
6970114648006,柔美达8连包
6921098883891,石湾米酒玉冰烧胶盖610ml
4713507014291,AJI特浓牛奶大饼
6948576408766,水果味棒糖
6917878044767,雀巢咖啡1+2原味105g
6953320089962,糖类系列428克红片糖
6953320089979,创奕冰片糖428克
6916549201010,稻花香浓型白酒 125ml
6903244370431,七度空间 优雅系列薄型丝柔夜用275mm10片
6920548862998,旺仔QQ糖（荔枝味）混合胶型凝胶糖果
6909131210446,劲牌38度追风八珍酒简装   500ml
6944215408951,甜心屋蜂蜜陈皮盐金枣
6909548088881,深晖芒果汁250ml
6937221714536,25g贤哥香辣豆干
6926265305381,35克上好佳鲜虾片
6937221717414,18g贤哥香辣味台式烤香肠（盒装）
6921326701089,豆腐
6919838200695,四周零食面
6920713217516,九制妙酸梅
6952581460824,奇趣蛋
6930663306383,8821
6918316000154,佳期新缤纷日夜超薄组
6901028118187,利群（新版）
6928990803620,神奇拖把
6933196101029,强力去污球
6945612533031,扫把
6995878956969,四件套
6905418008317,麦香鸡块(乌骨)108g
6901070600890,云南白药牙膏
6954828833613,80克裕心手撕鱿鱼丝深海美味休闲小吃
6903148036143,佳洁士强根固齿牙膏90g
6941051311773,水枪
6971180117731,蒸的很爱你蛋糕（柠檬味）
6937221714550,贤哥酱香豆干25g
6954877700485,欧雅思纸杯
6954432710744,炫迈无糖夹心口香糖甜橙蓝莓味53.2g
6901028079990,钻石荷花
6926892525008,红枣花生牛奶复合蛋白饮品
6901028004183,双喜软1906
6909995113457,旺旺小小酥黑胡椒 22g
6900068900035,威锋旋转双层刀架
6947729700023,健桥-小麦苗汁芦荟
6907992103532,红枣风味发酵乳连杯100g
6934660516615,苏菲350夜棉
6934660555119,苏菲口袋魔法零味感日用超薄10片装
6931285755313,A5 30页骑马钉软面抄本
6959800005095,木棉棒
6941704409246,V美椰子牛奶
6911988009777,好吃点香脆腰果饼 108g
6901028075862,牡丹
6924650103215,海带丝
6922165901906,紫林白米醋420ml
6903148144541,舒肤佳纯白清香型香皂115g
6920174720730,立白增白皂 232g
6951081200060,38富豪桶
6903148082102,舒肤佳纯白清香型沐浴露200ml
6907992512174,果粒优酸乳酸奶饮品—芒果粒
6926292593003,日美切片刀B118
6944024500471,钓
6901028034043,长城迷你咖啡
6911988019561,达利园甜蜜夹心饼 180g
6906151606495,牛栏山二锅头白酒200ML
6959769900011,秘制卤牛肉味
6902534023828,甘竹牌鲜炸鲮鱼227g
69029110,益达口香糖32g  12片装
6920180210034,屈臣氏矿物质饮用水 400ml
6925303739454,统一阿萨姆原味奶茶饮料1.5L
6903244370950,七度空间少女日用超薄10片245mm
6901028013789,真龙祥云过滤嘴香烟20支
6901028191142,白沙（硬）
6903148145593,舒肤佳香皂金银花/菊花自然爽洁型115g
6933888213085,台椰（原浆鲜）鲜榨椰子汁
8858702418294,小老板脆紫菜（日本酱油味）
8858702418324,小老板脆紫菜（海鲜风味）
6901236300336,维达清新舒爽单片湿巾10片
6933631529104,修正带
6913189537585,情人梅
6901028075015,硬中华
6926832401911,英式麦丽素
6924160712716,无穷爱辣鸡爪50g
6932430201143,粟一烧
6901097791076,草莓味山楂片
6924083401957,蓝带将军啤酒（瓶）
6901028194594,芙蓉王(蔚蓝星空)
6936768011344,蒜香咸脆花生
6920354800399,高露洁超强牙膏  90g
6920761221084,加加味精200g
6930662098043,卡通粘钩系列
6901845044027,百醇柠檬挞味注心饼干（油脂型）
6903244632102,安尔乐蓝芯体验柔爽网面夜用纤巧10片275mm
6901028025638,娇子（时代阳光）
192,荷花
6902022135316,3kg深层洁净护理洗衣液（自然清香）
6903148091487,潘婷丝质顺滑洗发露750ML
6920174735703,立白超级粉 2.118Kg
6902083890261,爽歪歪奶 125ml*4
6936988735211,创辉饮杯
6957291260030,亿家红320克麻辣自煮火锅
6954432710188,炫迈  鲜果味21.6g
6971003960049,牛轧糖
6928804013740,冰露包裝饮用水550ml
6914068020457,洁柔Face古龙水香味迷你型纸手帕
6922731800121,ABC超吸棉柔护垫22片装K25
6901028063876,芙蓉王蓝（新版）
6923454900099,皇尚手撕鱼翅
6934728189485,牛排
4891338007665,黑人牙膏水清新清泉薄荷牙膏90g
6927849413461,徽记谷粒棒（青稞麦+大米）135克
6903148049082,飘柔高纯焗油润发精华素200ml
6936684801333,马赛克先生单晶冰糖260克
6901236375044,快乐四季迷你维达纸巾
4891028664840,维他奶原味豆奶饮料250ml*6
6934732725051,创奕无花果
6953129313633,金针菇
6930953094006,健能原味
6911316410503,阿尔卑斯高级牛奶味硬糖棒棒糖 10g*20
6914973604315,德芙奶香白巧克力84g
6920404385197,九制系列九制话梅皇
6921612782792,棉花糖
6924187829428,洽洽凉茶瓜子150g
6926475200384,喜之郎香橙味果冻
6936003513695,18克牛奶糖红豆
6926160704111,三笑完美(佳宝)牙刷(非电动牙刷~软毛)5324_1支
6901028125017,黄山小方印
6902312188923,榄菊牌黑蚊香(1+1) 1*30
6932801903096,全球通韩式肉松卷
6901236382042,维达纸面巾140抽*3
6903148091074,护舒宝棉柔日用卫生巾10片
6932829233144,凤娃脆口榨菜芯
6920662212297,卡通粘钩
6908946287650,百事可乐可乐型汽水 330ml
6953129313657,金针菇
6922024730036,大白兔糖原味227g
6906911131199,我很酸
6925678103669,好心肠
6935284471076,卫龙魔芋爽（麻辣素毛肚）
6920484010002,糖朝世家清亲吻海盐薄荷含片
6901028003582,双喜（经典工坊）
6923450657713,益达至尊草本精华瓶装40粒56g
6903244370899,七度空间护垫女生18片
6911988006462,可比克香辣味薯片 60g
6936684801326,马赛克女人红糖
6925678103683,好心肠
6925678103690,好心肠
6903148080030,沙宣轻盈顺柔洗发露200ml
6954828835730,瑞士糖
6948195800446,金龙鱼食用调和油900ml
6931683638997,盐焗鸡肉丸（辣味)
6923996612085,薄趣
6925678102969,26g 手撕素肉卷-烧烤味
6914253438142,椰丝棉花糖甜点可可味
6971041681036,长崎牛奶味蛋糕
6931754805846,22g魔芋素毛肚老坛酸菜味
6952581406303,6g  可乐味 劲跳糖
6903148048986,飘柔滋润去屑洗发水400ml
6918024991119,酸鬼软糖
6931754805938,22g魔芋素毛肚奥尔良风味
6971062710036,泡鸭翅
6970025410198,酱卤肉制品
6924810802217,卡士1
6933066020054,麻辣鱿鱼60g
6971062710005,泡鸭掌
6930954218685,柠檬片
6928804010367,雪碧柠檬味汽水1.25L
6926900401737,佳客源金装幼砂糖200克
6901028185912,盖红黄鹤楼
6920202900066,丹麦吐司原味
6901028131612,黄山红方印（尚品）
4897030400001,澳顿加钙黑芝麻糊576克
6911988013545,达利园瑞士卷香橙味 160g
6911988014832,达利园法式软面包香奶味 200g
6941704408478,香蕉牛奶饮品
6932801903010,全球通金牌肉松饼
6907992103594,伊利红枣风味发酵乳桶酸 450g
6919838200855,四洲香辣蟹味零食面
6924746201450,南北特五香茶蛋60g
6933066001312,山椒土凤爪120g
6927018498930,鱼蛋蛋（香辣味）
6927018499692,鱼仙贝
6947503746407,晨光笔KG-1821(黑色)
6924406000713,纸包山楂
6970025410129,酱卤肉制品
6902538006278,乐百氏脉动水蜜桃味1L*12
6908594414026,乐而雅 日用 20片
6931754805839,22g魔芋素毛肚山椒味
6933066018006,乖媳妇山椒凤爪20g（盒装）
6920484008351,爆炸糖
6920484009808,创辉黑跳可乐味跳跳糖3g
6914973604285,德芙丝滑牛奶巧克力小巧粒 84g
6950520301481,90克奥丽优芒果干
6924954132027,小文件袋
6924954132058,文件袋
6924442582563,鹏豪8256男袜
6902312188992,榄菊蚊液(无香)45ml
6944399235107,红烧牛肉面
6925019906591,单幅装NO959副盒
6915993304377,黄花下饭菜
6909548268900,深晖茅根蔗汁饮料 250ml
6935255200414,仁和集团金衡康牌西瓜爽糖
6914973600072,德芙榛子巧克力 43g
6901028005241,硬盒精品红梅
6917935002266,合味道 XO酱海鲜风味
6921955520051,100g小米辣
6926900401720,佳客源金装红糖200克
6931483922692,凯霖.梦想单层玻璃杯
6909493400103,和路雪可爱多蛋筒巧克力口味冰淇淋 67g
6923644250751,玉米棒
6936684800367,妙酸奶梅
6954432710201,炫迈炫动6片无糖口香糖薄荷味10.8g
8936050230130,干果
6919838200800,海苔零食面包  四洲
6907938050364,金夫巧克力
6935768980148,口水辣翅
6923644274368,蒙牛旋顶杯
6937221702496,贤哥微辣脆笋
6907992814711,伊利冷饮加量装香浓布丁 80g
6922219816095,招牌卤脖（香辣味）
6901028221351,贵烟（新贵）（条）
6902934990362,喜之郎什锦果肉200g
6948114200159,阿胶枣
6970504690134,无糖薄荷糖
6920548862066,旺仔QQ糖（香橙味）混合胶型凝胶糖果
6924187858084,洽洽每日坚果混合果仁水果蜜饯干26克
6902083890414,娃哈哈营养快线
6933311066998,小酒花生(椒盐味)90g
6900077047745,隆力奇浴之宝茉莉清新型芬芳沐浴露
6956426838021,衣架 3802
6920174735970,立白透明洗衣皂 205*2
6920548867320,旺仔QQ糖（青苹果味）混合胶型凝胶糖果
6970719490062,吹气凉.拖鞋
6944215408937,甜心屋蜂蜜柠檬盐金枣
6901028007917,双喜传奇
6921480218287,味极酱油380ml
6921168593613,农夫山泉水柚子果汁饮料
8888075008051,555（天越）
6920548862042,旺仔QQ糖水蜜桃味23g
6953320092337,糖
6907992818689,伊利三色心雪糕 95克
6907992822747,伊利巧乐兹经典巧恋果雪糕 75g
6927724512227,妙可方糕
6907992819150,伊利牧场红枣牛奶味雪糕 70g
6952163100032,五香牛肉粒
6971156610235,当家|选
6935768980216,口水酱翅
6901028085885,黑娇子
6901028005180,双喜（软红五叶神）
6970470140046,手套
6935634410687,才子商务男袜
6959104514019,祙子
6930478620933,永兴木刷2093
6924160712891,无穷爱辣小翅
6940188803618,甘源蟹黄味瓜子仁75g
6951537201504,明舐兄弟山椒竹笋
6907992103952,纯牛奶-内包
6924743915077,乐事德克萨斯烧烤味40g
6901028159562,泰山(青秀)
6926475201404,90克喜之郎苹果味
6924516501391,冠芝林黄桃罐头
6917246004355,曼秀雷敦控油抗痘洁面乳 男士
6916296990076,乐天奶油夹心小熊饼
8993175540629,丽巧克纳宝帝巧克力威化
6901028141437,七匹狼(豪运)
6931273210718,青果槟榔
6923644284688,蒙牛老冰棍棒冰
6950475505989,东旺滴水筛
6944978700842,有友山椒味猪皮晶
6911988026453,120g达利园蔓越莓提子面包
6911988007209,达利园派巧克力味涂饰蛋类芯饼 300g
6933569400315,补鞋胶
6927902029561,采诗柠檬润唇膏3.5克
6937221702793,100g贤哥五香南乳花生
6923807807846,饭扫光
6924406005442,黄豆
6947503730239,晨光 按动0.5水性笔
6901028111539,南京(雨花石)
4891599150018,加多宝凉茶1.5L
6935201407218,防风火机
6931285755504,A5 50页软面抄本
6952581406501,18g 可乐味 劲跳棒糖
6932829231881,凤娃泡椒榨菜
6932829233151,凤娃鲜爽榨菜丝
6903148031988,护舒宝夜用284mm5+1
6907878200010,可口可乐 2升 PET  瓶
6924442583614,袜子
6907992400020,原味牛奶片
6970373661006,畅活胃动力乳酸菌饮品
6932620203377,555高锌5号电池(4粒)
6956591011168,5.25直身面杯
6934502300198,菊花茶（植物饮料）250ml
6911988013552,达利园瑞士卷巧克力 160g
6907992504643,伊利高钙奶 250ml*16
6937613104501,雞太郎青芥辣酱43克
6970387320043,甜酒花生
6956302126037,毛巾
6957391682022,1.6双利达衣叉
69029097,益达无糖口香糖32g   12片装
6921709800101,泰菜奶香咸脆花生
6902022130281,蓝月亮野菊花清爽洗手液（清洁温和清爽润泽）500g
6903244370776,七度空间优雅系列超长夜用8片338mm
6930317602182,红酒开瓶器
6902088311167,力士娇肤沐浴乳恒久嫩肤400ml
6903148045053,海飞丝清爽去油洗发露200ml
6951097100200,直身玻璃杯
6959800005187,馨雨新型小棉签
6917878044729,NESCAFE雀巢咖啡1+2原味15克
4891132016603,红双喜（龙凤）
6916296970047,乐天草莓夹心小熊饼盒装 49g
6948939623188,【百草味】炭烧腰果100g(入仓专用)
6921913300121,爱必达502胶水15g
6926265339515,上好佳洋葱圈10g
4895203800511,糖一
6925770808417,鸡味圈
6924140009683,超浓缩洗衣液
6943950820172,岳港渔都脖
6901028137508,七匹狼
6920090600253,1元-香辣藕片
6934024550811,立顿英式果味茶 野莓味红茶饮料
6927018401572,肉蛋蛋
6920090600680,1元-香辣海白菜
6971180117717,蒸的很爱你奶香蛋糕
6903148032084,护舒宝瞬洁贴身日用(10+2)片卫生巾
6903244370998,七度空间少女系列超长夜用超薄8片388mm
6909409040898,上好佳田园薯片烤肉味 50g
6900873084012,康师傅干拌面红烧牛肉面方便面泡面 140g
6930663309070,会议记录
6939714809507,金色年华线圈本
6914068011950,洁柔面子古龙手帕纸
6957971100250,椰果奶茶
901028165235,黄金叶
6901236341056,维达V2212抽纸巾140抽*3
6901028005036,双喜（硬金五叶神）
6926265306807,薄荷味硬糖
721031960094,珠江纯生330ml
6995840410215,十里客蒜蓉特辣王280g
6920421054328,酱双小鸭腿
6903148091104,护舒宝卫生巾棉柔贴身夜用10片
6901028133296,金圣（硬）
6953601802334,麻辣脆虾
6902022132520,蓝月亮84消毒液 600g
6902890230014,双汇鸡肉肠
6956406300487,牙痒痒撸个烤串
6905014300679,西麦燕麦片618克
6957148000024,瓶装胡椒粉
6920354810282,高露洁360度美白牙膏140g
6901028221450,贵烟（跨越）
6901028001809,双喜（盛世）
6957069202200,32克香辣海带
6939241400130,烤土豆条
6943326620702,古凤150g综合蔬果干
6923450605288,绿箭金装口香糖原味薄荷12片装
6931683603995,喜辣鸡爪
6911988009760,好吃点香脆杏仁饼 108g
6903244370912,七度空间冰感护垫薄荷香型18片
6920548867139,旺仔QQ糖(草莓)70g
8858702414883,小老板海苔卷
6924932632457,正点扑克
6925303754884,小茗同学冰橘绿茶480ml
6917246201716,曼秀雷敦草莓唇膏
6926475204290,优乐美香芋味奶茶22g
6920174700800,liby立白洗衣液
6902538006261,乐百氏脉动青柠味1L
6901845040692,格力高百醇牛奶味 48g
6911988009890,好吃点高纤消化饼 110g
6908332908046,索芙特
6903148032022,护舒宝瞬洁贴身日用(5+1)片卫生巾
6903148032053,护舒宝瞬洁贴身量多夜用/日用12片
6925009926745,芒果红茶
6926475203392,喜之郎蜜桔果肉果冻200g
6923146198094,杜蕾斯避孕套激情装3只装
6921709800095,泰菜蒜香咸脆花生
6953320092504,创奕话梅皇
6920174735987,立白
6925009926738,柠檬红茶
6926292555377,日美厨业指甲钳 型号：RMK005指甲钳
6920690113948,一次性纸碟
6921098882184,玉冰烧（出口装）
6923450659977,益达洁白冰泡泡味木糖醇口香糖
6955281300148,毛巾
6950650218512,香雪亚洲(小瓶)金典沙示汽水
6945091715065,GR-009中性芯黑色
6956416200036,1.8L果粒橙
6901668005717,奥利奥夹心原味高原装116g
6924762397304,迪士尼手指饼（牛奶味）
6907878050332,芬达橙 500毫升 PET  瓶
4895203800504,果味多
6902890233909,95克Q趣85g
6911988006554,可比克原味 45g
6926892522076,花生牛奶复合蛋白饮料1.5L
6938902618129,拉芳营养柔顺洗发露（滋润修护）400ml
6937408408807,120g益达冰凉薄荷
6911988018519,罐乐虎
6911316730304,阿尔卑斯棒棒糖树梅牛奶味 10g
6937281137900,激乐水枪
6920484010408,糖朝世家唐闺蜜柠檬无糖维C压片糖
6901028005210,双喜（硬红五叶神）
6942865859826,浪莎丝袜
6920148071189,滋采嫩白香水沐浴露 938ml
6954432710546,炫迈3层夹心口香糖
6921168593569,茶兀 乌龙茶500ml
6933569402487,AB胶
6901496888025,梁丰麦丽素巧克力80g
6592016321681,精品火机
6926292535171,贝卓钥匙扣  型号:BZB219
6927119003781,东北大板草原奶
6902890233893,Q趣儿蘑菇风味香肠85g
6920090600499,1元-老坛酸菜
6957205900465,工程车系列玩具
6970504690332,无糖薄荷糖
6948576408773,动漫棒糖
6903148144442,舒肤佳柠檬清新型香皂115g
6923146100011,杜蕾斯避孕套超薄装3只装
6907992513379,畅意100%乳酸菌饮品-草莓味
6950475505187,拖桶
6902538007169,脉动椰子菠萝口味维生素饮料
6901028063883,芙蓉王（硬蓝新版
6909131181234,劲酒 258ml
6927119001954,东北大板抹茶红豆冰棍
6954556480004,90克斟功夫铁观音（918）
6927119000056,东北大板 蓝莓
6911988000064,好吃点苏打 100g
6956423600171,平面多用刨
6926921101807,趣享蛋
6924406000720,铁山楂
6921382712807,澳雪法国花香沐浴露900ml
6935494600013,104F 银胶伞
6924183906796,宾王扑克
6928083900007,毛铺苦荞酒42度 125ml
6933196101043,居家达人104不锈钢丝球
6914973604292,德芙香浓黑巧克力 84g
6926991101912,直杆绅士风度伞（蓝）
6912003331385,天堂33138黑涤彩胶三折晴雨伞
6926991187602,三折时尚格伞
6917935002242,合味道虾仁原味杯 82g
6922477961186,超洁橡皮
6902088311006,力士香氛宠肤沐浴乳闪亮冰爽720ml
6957167201372,电木木光
6920174736960,立白超洁无磷洗衣粉 245g
6921709800378,泰莱170g五香花生
6970495960254,鸡肉
6907992502014,高钙奶
6902987111868,百味斋清汤火锅
6933524559430,88红重庆火锅底料150克
6943326625677,古凤75克综合蔬果干
6901028001687,软双喜烟条
6932759722961,金沙河珍品原味挂面
6925303721244,统一鲜橙多 多C多漂亮橙汁饮料2升
6931483921190,凯霖.怡宁玻璃杯
6925303739430,统一雅哈意式醇香拿铁咖啡280ml
6901028055024,红河（软甲）
6925733085664,美尔邦森通用鞋刷TB-S009
6940175880387,相片美妆镜
6971062710043,酱香鸡爪
6937221706722,125g贤哥南乳花生五香味
6924160714109,60g烤鸡小腿（香辣味）
6931348628592,好帮手塑胶菠萝厕刷
6955936500305,老坛酸菜鱼50g
6920174760644,600ml茉莉杀虫气雾剂
6902902008419,厨邦鸡精100g
6902902008792,420ml厨邦陈醋
6926886169386,生粉
6901028069878,万宝路硬金
6958949200347,湘味鱼豆腐
6970972890777,3Ｕ数显
6935255200421,仁和集团金衡康牌甘草糖
6936176036175,安安空气清香剂(桂花香型)90g
6911988013569,达利园瑞士卷香蕉味 160g
6934024550224,立顿英式果味茶 柠檬味红茶饮料
6911316580039,阿尔卑斯牛奶夹心糖 36g
6927119003644,东北大板原味奶
6920548862073,旺仔QQ糖(70g)葡萄味
6902265430056,蒜蓉辣酱
6920907809886,好丽友薯愿红酒牛排味 104g
6920907803129,好丽友Q蒂榛子巧克力味蛋糕 168g
4891028164401,维他奶麦香味 250ml
6906303999888,王守义十三香 40g
6901028004305,双喜（软经典1906）
4897072050028,牛奶味造型饼
6995840410031,十里客火焙鱼山椒280克
6924743918665,乐事大波浪薯片香脆烤鸡翅味40g
6923928900396,桂花绿豆糕
6941068368333,七度柔爽卫生巾
6903148225844,飘柔家庭护理杏仁长效柔顺滋养洗发露190ml
6950475513977,强力桶
6920404390726,香草榄
6923621000027,山椒小萝卜
6923146102046,杜蕾斯Love大胆爱吧避孕套3只装
6935255200247,仁和集团金衡康牌胖大海糖
6914782202504,徐福记米格玛香烤牛排味 90g
6933290320029,东方红纯胶牛筋加厚工业手套
6928035100509,马赛克先生九制杨梅25g
4897083400072,抹茶味曲奇
8996001353066,钙芝威化饼
6903474226546,巧克力豆
6924955403232,休闲一刻脆骨系列
6925303770716,统一酱拌面老坛酸菜牛肉风味碗面125g
6901586105179,威猛先生洁厕液(清香型)500克
6921340972502,艾诗芬香沐浴乳（蜜意花香）
6936096212574,26克香卤竹笋
6910772051190,新三彩杯110g
6922956301243,手撕牛肉
6948939602381,100g黄桃干
6921709800088,泰菜五香咸脆花生
6933311067186,傻二哥原香椒盐105g
6948576402634,日式水泡饼巧克力味
9556345280085,妙妙番茄酥
6931678808503,西琪哈密乌梅
6955752200472,壁纸刀
8888075011105,KENT健牌1毫克
6901294177574,六神喷雾花露水80ml
6910772002987,雪屋冰淇淋
6925861531149,旺旺冰78ml*20
6924757020002,小妮纤巧棉柔亲肤日用10片
6902538007367,维生素饮料（海盐青芒口味）
6971062710685,亿家泡鸡爪
6927119001497,东北大板森林浆果脆皮
6911316600409,阿尔卑斯草莓棒棒糖 10.5g
6917878037844,雀巢鹰唛炼奶 350g
6956426910109,蜂巢凉粉
6926292535003,贝卓钥匙扣  型号:BZB201
6901028193504,芙蓉王整条
6921168593545,农夫山泉5L
6924762397069,滨崎巧克力味饼干（酥性饼干）
6942332864681,兰花串（香辣味）
6959769900134,糖醋鱼
6901890800135,两面针强效中药牙膏 105g
6938183506450,蟑啷药
6927119003576,东北大板山楂味
6921709800361,泰莱170g奶香花生
6921709800996,小子花生焦糖味
6920713217509,九制话梅
4897080070070,那普勒斯水果披萨饼
6940517512945,麦吉士白巧克力酥烤蛋糕75g
6901028075053,牡丹（软）
6925861531170,旺旺碎冰冰（菠萝味）
6920660800083,板栗馅饼
6970719490055,吹气凉.拖鞋
6902265360018,海天上等蚝油700g
6920616313186,旺旺大米饼135g
6951981910359,绿活宁夏枸杞105克
6923830302400,鸿福堂无糖罗汉果
6936003512414,牛奶糖原味18g
6901028045902,云烟软珍品
6927119001916,东北大板新天地雪糕
6900873017669,康师傅经典香辣牛肉面104g*5
6940517517117,麦吉士涂层榛子酥塔48克
6952813400017,食用青果槟榔（金钻口味王）
6935820204373,稻香村海苔鸡蛋卷   92克
6901285991479,饮用纯净水
6914973604032,德芙榛仁、巴旦木及葡萄干巧克力 43g
6901028936712,好猫招财进宝硬盒过滤嘴香烟
6911754105504,陈村珍品河粉（麻辣味）
6925861531811,旺旺碎碎冰（综合水果味）78ml
6957291200074,亿家红39
6902088312799,力士靓肤香皂白皙焕采115g
6949639202895,沐浴球
6924955403355,小鲜肉熏煮香肠
6948939607188,100g菠萝片
6920174700541,超威电热蚊香液<艾草清香型>40毫升X2瓶
6938888887502,蓝莓奶茶76g
4895148903261,咸干奶油花生
6921014085231,海珠精品啤酒600ml
4891028167716,维他椰子豆奶（盒装250ml）
6937847600138,合金回力车
6901097720106,佳宝九制陈皮45g
6950475501134,东旺饭盒
6901028015417,真龙娇子
6901668005731,奥利奥夹心草莓味高原装116g
6924743915091,乐事墨西哥鸡汁番茄味40g
6970813650027,鸭掌
6907992511061,伊利谷粒多红豆牛奶 250ml*16
6936515852602,旺旺挑豆系列（豌豆）（熟制豌豆）
6907878033038,芬达橙 330毫升 罐
6920174742305,立白全效馨香无磷洗衣粉 950g
6947882209524,老村长富贵白酒450ml
6901070601088,云南白药牙膏薄荷香型210g
6920174735697,立白超洁清新无磷洗衣粉1.068kg
6923830302806,鸿福堂咸青柠 500ml
6901845043099,格力高菜园小饼比萨味 55g
6948939601858,100g木瓜干
6901236376065,维达兰色经典纸巾160g*10
6902312187889,榄菊牌无烟黑蚊香 1*10
6920907809862,好丽友薯愿香烤原味 104g
6970236280146,精制海盐
6911316361294,曼妥思激爽可乐脆皮软心珠 37g
6944215409095,甜心屋润喉佛手
6923644285760,旋顶杯
6907992513485,安慕希希腊风味酸奶香草味 205g*12
4891132016504,红双喜烟(新醇)
6924160714093,无穷烤鸡小腿蜂蜜味60g
6921674700017,正通小烧430ml
6901028314985,红塔山香烟软经典
6933569400056,粘霸502瞬间强力胶
6901236300343,维达去油湿巾10片
6901236382974,维达V2239超韧130抽*6
6954432710225,炫迈炫动薄荷味无糖口香糖50.4g
6921168550128,维他命水柠檬味500ml
6920174751000,超威艾草清香小盘蚊香
6920202900189,新麦潮天然酵母面包（香蕉牛奶风味）
6920761221114,加加味精100g
6923644274320,蒙牛御豆坊鲜奶绿豆雪糕70g
6901028142151,七匹狼
6926940700517,原味奶
6907992514178,安慕希希腊风味酸奶-原味
6952990200202,莴莴爽香辣味
6922635801460,黑猫神蚊香
6903148160527,飘柔滋润去屑洗发露5ml
6920999703710,大宝清爽保湿洁面乳100g
6922011000036,炫乐牙刷
6901668004772,奥利奥轻巧脆柠檬芝士蛋糕味 93g
6925861531163,旺旺碎冰冰（香蕉
6970470140053,手套
6901845042993,百力滋海苔味 60g
6924954134038,文件袋
6900077001693,隆力奇花露水
6921709800866,小籽蒜香花生
6933524559423,渝味源青花椒水煮鱼调味料
6923450681237,大大切切乐蜜瓜味
6901012010787,鹰金钱午餐肉340g
6925861312168,小米辣
858702417594,小老板
6920907802023,好丽友鲜梅派(23gX6枚)138g
6926695418279,切片王肉松面包
6917878003573,雀巢炼奶(原味) 185g
6903148049006,滋润去屑洗发露750ml
6903148051672,OLAY玉兰油美肌清爽香皂125g
6943130503314,轻时代蓝莓味
6902088131437,清扬男士去屑洗发露清爽控油型700毫升
6926695418187,虎皮面包90g
6920090600154,梅菜花生
8997878003191,哈密瓜味棒棒糖
6914973604308,德芙榛仁果粒巧克力袋装
6928804016703,400ml怡泉+C柠檬味汽水
6923644274313,蒙牛御豆坊鲜奶红豆雪糕70g
6956367338604,王老吉24支装
6942345401132,渝厨香菇牛肚泡椒
6912398336033,红米酒
6928802470439,顾大嫂麻辣烫酸辣味127g
6903148031940,护舒宝瞬洁丝薄日用卫生巾(5+1)片
6903148091012,护舒宝超值干爽贴身夜用10片
6921014012688,海珠12度
6935145301047,锐澳蓝玫瑰味威士忌鸡尾酒275ml
6920660800069,葱油饼
6936684802514,60克无核葡萄干
6970297780333,匠巧仁
6943466901563,甘草桃肉200g
6925526600197,百年糊涂酒银世纪450ml
6926292555353,日美厨业指甲钳 型号：RMK003指甲钳
6942323700370,泽祺清影均价产品系列3
6902312300042,揽菊蚊香特惠装40单圈（大盘）
6933932600205,希艺欧彩盖瓶装竹牙签
6943466901365,维巧水晶桃畔190克
6927119003859,东北大板 草原鲜奶80g
6936891520652,50g奥特曼长棒饼干（日式海苔味）
6907992513829,安慕希希腊风味酸奶—黄桃燕麦味200g*10
6901496995068,梁丰麦丽素巧克力 80g
6925678103126,22g鱼豆腐-烧烤味
shiftl0000000015016,北极绒男士内裤
6901028165969,黄金叶（大M）
6937221709761,贤哥野山椒笋尖95g
6941397200038,奋发虾仔面 40g
6902022130861,兰月亮芦荟洗手液 500g
6912567122764,120克话梅棒棒糖
6902312167881,榄菊黑蚊香1*60
6934172100357,友我香鸭翅
6923090702095,真马蹄
6923090702088,真菠萝
6947093190055,香辣短鸭脖猛辣
6922956301267,鸡汁味牛肉
6957105900398,国进28g剁椒金针菇
6901845042610,格力高百力滋特浓番茄味装饰饼干 60g
8858702410878,小老板烤鱿鱼辣味
6935442600072,片片橙
6937519000266,冰喉爽袋装
6903148099520,舒肤佳柠檬清香沐浴露720毫升
6936684802521,马赛克加州西梅干60克
6903148048979,飘柔滋润去屑洗发露200ml
6921340972519,艾诗蜜意花香沐浴露
6903244371292,七度空间少女系列迷你特薄卫生巾14片
6923976110167,溜溜梅乌梅60g
6926104921420,盐津铺子金梅姜
6903148091449,潘婷乳液修护洗发露750ML
6940517512242,麦吉士山核桃小酥200g
6944399234766,民宝原汁排骨面
160,双去
6953145100026,花醇金银花醇
4897083400119,丹麦风味曲奇
6970443240698,封箱胶
6971145240078,嘎嘎小萝卜
6901028300063,红南京
6931652600888,永吉高档红包
6928844450208,可乐基香辣烤翅25g*30包奥尔良风味蜜汁瘾辣味鸭翅办公休闲小吃
6931754805822,22g魔芋素毛肚香辣味
6922215613650,沙丁鱼
6927018401527,鱼仙菇（香辣味））
6903148225813,飘柔家庭护理芦荟长效止痒滋润洗发露190ml
6911988000088,好吃点芝麻苏打饼 100g
6927018401534,鱼仙菇（麻辣味）
8993175540599,丽巧克纳宝帝巧克力威化饼
6930387552189,睡得香檀香蚊香
6903148209837,舒肤佳薰衣草舒缓呵护香皂115g
6911988006592,可比克原味薯片桶装 105g
6953663014492,山楂条
6900873714636,康师傅桶面上汤鲜虾115g
6911988000071,好吃点香葱 100g
6924757020040,小妮丝薄棉柔亲肤日用10片
6922956301250,手撕素牛肉
6923523805119,山药薄片牛肉味
6926208300084,康源牛排25g
6907992501871,伊利AD钙 250ml
6930341500713,红枣牛奶饮品
6957288300411,龙岩泡鸡爪（酸爽微辣）
6901845040340,格力高百力滋纯正白脱 65g
6924160712617,无穷盐焗鸡翅60g
6920174762280,直插式电蚊液加热套装器
6927724512425,绿豆老冰棍
6928804014709,雪碧零卡清爽柠檬味汽水500ml
6909493400493,可爱多甜筒 香芋牛奶口味冰淇淋 68g
6903148047804,舒肤佳柠檬清新沐浴露200ml
6901028191050,芙蓉王(硬闪带)
6907938051378,牛奶纤麦饼
6907938051392,果仁纤麦饼
6923523805164,山药片香辣味
6958652300044,国产品客（香辣味）
6938606083520,C-8352 清洁套装（百洁布1片+钢丝球2个）
6907992102795,伊利益消小圆杯青稞白桃160g
6925370900221,淳风派山椒鱼仔16g*20
6920584471215,毫升旺仔牛奶145ml
6941025700909,60g湖湘贡手撕鸭脖
6922635800692,蚊香
6928333900801,百年磨素牛腱爽辣味
6950650218314,2L亚洲沙示汽水
6954893050021,女士隐型袜
8809767120028,洗碗布
6926634158495,香辣锅巴
6936684802897,250克玉米软糖
6922255447833,百岁山饮用天然矿泉水348ml
6927018402333,臭豆腐
6901028001625,双喜(硬经典1906)
6901668005755,奥利奥新包装巧克力味116g
6920907803020,好丽友摩卡巧克力味Q蒂蛋糕6枚168g
6928580583666,蜂蜜陈皮
6948939608208,100g蔓越莓干
6970387320067,蒜蓉花生
6901028006415,双喜(硬祥和好日子)条盒
6928580580115,甘草梅皇90G
6912003301845,天堂伞一
6970417000297,澳美斯银胶伞
6933311067193,傻二哥超爽麻辣105g
6901668053527,奥利奥巧脆卷-巧克力口味55g
6911988019578,达利园清爽夹心饼 180g
6911754105511,陈村河粉红烧牛肉
6970040071169,跳跳糖
6922215613636,沙丁鱼
6920421006488,酱辣腿（鸭）90g
6926410330565,白家陈记重庆酸辣粉碗85g
6937221716288,69g面筋棒棒素鸡筋
6914644828019,金鸡黑色膏体鞋油30克
6920701611685,珍妮诗局油滋润2合1洗发露(去头屑~二合一)3469_760毫升
6956416203389,[美汁源][果粒奶优]蜜桃味水果牛奶饮料450ml
6926475200995,喜之郎葡萄加苹果果肉果冻200g
6938136811310,姚太太果丹皮-100克
6953663015482,咖啡玉米豆
6956423600584,宏邦水果刀
6958652300037,国产品客（烧烤牛排味）
6900463000507,古岭神酒75ml
6922215613643,沙丁鱼
6903148015834,佳洁士草本水晶牙膏（清爽薄荷香型）90克
6921709800354,泰莱170g咸干花生
6901845041699,格力高白力滋蓝梅味 45g
6944829311456,水杯
6946600205879,混合果味维C软糖
6902534238352,甘竹牌豆鼓鲮鱼罐头227g
6971156610099,当家1选抽纸
6922266439148,清风茶臻丝宠湿巾10片单片装
6948939610973,158g蟹香瓜子仁（新logo）
6956591011663,带匙玲珑杯
6923928901027,华松传统绿豆糕
6926695418194,蓝莓面包
6926991175326,三折特大易甩干商务伞
6901028006538,好日子 祥云
6926292593515,日美厨业指甲钳  型号:RMK002
6911988019547,达利园清爽夹心饼 100g
6926991126069,红叶环保雨衣
8858702417594,小老板片装海苔（原味）袋装21.6g
6903244373043,七度空间少女系列甜睡棉柔夜用4片420mm
6924810802248,卡士原味整排
6944167132645,汇乐袋装惯性车326CD辆
6970972890159,超薄移动电源
6970716690021,甘师傅一根葱（葱香味）
6901028118170,利群（新版小包）
6901028141130,七匹狼（蓝）20支
6902265120193,海天酱油金标生抽王1.9L
6901028162876,黄金叶 喜满堂
6901028005203,双喜（硬红五叶神）
6925303754884,小茗同学480ml
6920180210034,屈臣氏矿物质水400ml
6901028193498,芙蓉王(硬)香烟
88011967,蓝爱喜
6901028191098,白沙(精品二代)
6901028317122,软玉溪
6901028015837,真龙盒锦绣
6901028221443,贵烟（黑跨越）小盒
6901028165235,黄金叶
6901028315425,红塔山
6901028138352,七匹狼（豪情）
6901028137508,红七匹狼 
4891132011400,翻盖南洋红双喜
6901028942843,双喜(硬吉祥好日子)小盒
6901028000826,经典醇香红双喜香烟
6920174749328,立白洗衣液袋
6901028004183,双喜（软经典1906）
88011929,爱喜(薄荷新版）
6902312167881,榄菊坟香高级型
6901028001489,双喜（软）小盒
6948960100108,罐百威啤酒330mi
6955582511113,芳草抽纸 8包家庭装
6948960100221,哈尔滨啤酒600ml
6921014085231,白瓶海珠啤酒600ml
6901028180665,黄鹤楼（硬金砂）
6925526600456,百年糊涂33%
6901028193863,芙蓉王（硬蓝）
6901028005241,红玫（硬金）
6902312188817,榄菊坟香无烟型
6901028000833,双喜（软经典）
6901028001182,双喜（硬）
6901028046886,紫云烟
6901028180573,软蓝黄鹤楼
6914068020808,洁柔橙色纸巾120g*10
6903148078891,汰渍净白去渍洗衣粉508g
6901584030008,张裕金奖白兰地38度 750mi
6901028100359,长白山(红)
4719579946300,阿里山香烟硬景太蓝香烟
6901028077699,钻石过滤嘴香烟
6955582511106,洁利纸巾零售
6914068010663,洁柔手帕纸巾
6901584030305,张裕金奖白兰地3星38度
7622100916383,绿万宝路
6901028193856,芙蓉王(蓝)香烟
6909131280647,中囯劲酒520ML
6901028179874,黄鹤楼(硬雅香)
6901028180559,黄鹤楼（雅香金）
6901028314442,玉溪硬和谐
6901028092944,人民大会堂(硬红)
4902210265803,七星(爆珠）5毫克
6948960100078,高罐百威啤酒500ml
6900873000777,桶康师傅红烧牛肉面
6948960100009,百威啤酒(600mi)
6900873096176,康師傅香辣蒜味排骨面108克
6900873713936,桶康师傅葱烧排骨面
6901715291223,华丰三鲜伊面
6947882209524,老村长酒（大）
6901028191043,白沙(精品)
6900873711598,袋康师傅香菇炖鸡面
6920174760064,立白漂白水600克
6900873000630,五连包康师傅红烧牛肉面
6917935002167,桶合味道 五香牛肉风味
6917935002907,合味道大杯五香牛肉味
7622100915454,白万
6918962000645,裕湘圆挂面500克
6901028002097,椰树香烟
88015750,硬包小卡碧
4902210254104,万事发10毫克
6901028188227,黄鹤楼(软雅韵)
4902210254401,万事发7毫克
6922507804261,陳克明玉米挂面500克
4891338000925,黑人双重薄荷 175克 盘
6920701611739,珍妮诗洗发水2种
6918962004308,裕湘手擀面 (宽 )500g
6901683821255,小郎酒
4894375014245,AJI火鸡面进囗
6900082010215,公仔面（海鲜味）
8801073110502,火鸡面
6900873024285,康師傅老坛酸菜牛肉面大食捅159完
6925526601460,百年糊涂52%
7622100916369,黑绿万宝路
6901028079952,荷花钻石
6901028118811,利群新版（硬长嘴小包）
6917935002945,合味道猪骨浓汤风味方便面 110g
6945370900120,麦道源香麦鲜蛋面630克
6901028316989,玉溪盒
6900873084012,康师傳干拌面红烧牛肉
6914068020792,洁柔120抽*卷零售
6920174741759,立白洗洁精
6901028191029,白沙(硬)
6925303770556,统一汤达人酸酸辣辣面
6956215158880,绿爽盘
6900873012909,康师傅香爆脆吮指香葱鸡味干脆面30g
6901715287820,魔法士章保罗海鲜味
6901715288506,魔法士香烤鸡翅味
6954909100474,老妈牛肉 盘
6956972600011,金典
6902890235132,泡面拍档
6918962000683,裕湘精制玉带面500克
6924160714017,无穷鸡蛋30g
6934937600054,帝王蟹 一根葱 盘
6935284488883,卫龙 盘
6935768921141,口水娃兰花豆(牛肉味)
6939241400130,阿牛哥烤土豆条
6939650400097,翻天娃辣翻天
6940142600642,锦程蒜蓉王
6947263700077,军仔火爆系列素食片138克
6902227014812,嘉顿威化饼干（花生味）
6927462203302,金锣香甜王香肠9支270克
6920907808513,好丽友呀土豆薯片袋装（番茄酱）40g
6917878027333,雀巢咖啡（罐）180ml
6911988006462,可比克（香辣味）
6924187851160,洽洽焦糖瓜子
6938902619072,草本健肤沐浴露（清新舒爽）
6931273213559,口味王和成天下15元
6925771302013,冠华蒜香咸干花生
6914782114319,熊博士口嚼糖（葡萄味）
69019388,条绿箭口香糖5片装
6922215613636,渔享沙丁鱼孜然味黄色
6922956300772,路路泡椒鱼仔蓝色
6956060519348,劲卤豆干
6936131422494,香旺山庄五香西瓜子
4891028705635,瓶维他菊花茶
6907992513645,伊利安慕希酸奶
6925136800017,金典 泡椒牛筋 盘
6936868700056,康之有豆干麻辣味
4891028705949,胶维他柠檬茶
6918962004315,裕湘细挂面500克
6921014012688,高罐海珠
6956416203549,果粒奶优（原味）
6907992100272,伊利纯牛奶 250ml
6924187820067,洽洽香瓜子（百煮味）  160G
6933924500391,家乐3种味花生
4891028164456,维他柠檬茶250ml
4547691439628,003网本3个
6901826888138,南孚5号电池
4891028164395,维他原味豆奶250ml
6906664823327,红枣枸杞牛奶
6924083400417,蓝带啤酒
6900082020498,超值桶公仔面（上汤海鲜味）
6900873023103,康師傅辣卤香牛肉面
6920293900099,韭菜丝 盘
6934339201279,珍丽诗沐浴露润白
6924160712624,无穷盐焗小翅6小包50克
6928758789661,益力多低糖
6901035607216,老青岛
6924187851184,恰恰核桃瓜子
6925999702015,香脆鸭掌
6931780720885,罐天地一号苹果醋饮料
6958214686180,叨嘴巴槟榔
8935112200005,红牛（进口）250ml
6921709800477,青豆
6959593800013,神雕侠侣 麦丽素 盘
6932620203377,555高锌5号电池(1粒)
6932620223382,555绿色7号电池1765C3
30091,火机
6934502300709,东鹏特饮250ml 陈皮
6931273213238,口味王（和成天下槟榔）
6918768000016,真香嘟嘟香 盘
6921294392685,康师傅酸梅汤450ml
6921294393408,茉莉蜜茶2L
6901028010108,中南海0.8
6920907801255,好丽友抹茶2枚
6925406700016,水果吸之冻
6933125698873,湘潭铺子槟榔 大包
6907878025019,可口可乐2.5L
6914068020990,洁柔200抽软抽
6923490601752,创顺白沙糖
6928196866696,香旺红糖
6901028063876,爆珠蓝芙蓉王
6925303730574,阿萨姆奶茶500ml
6911316361294,曼妥思（可乐）
6911316740013,阿尔卑斯咖啡硬糖35g
6954432101849,草珊瑚味清爽糖
6907992513522,伊利爆趣珠优酸奶草莓
6920174744613,立白洗衣皂
6922917661027,佳能保鲜膜30米
6917878030623,雀巢咖啡（支装）268ml
6921168593002,农夫山泉矿泉水535
6958214656787,叨嘴巴槟榔 大包
6902902003674,美味鲜9醋王
6907592001245,王致和料酒500
6926475202074,美好时光海苔原味
6900082020184,迷你公仔碗仔面（海鲜味）
6920180219334,屈臣氏600ml
6903244370998,七度空间纯棉超长夜用超薄卫生巾
6920548867313,旺仔QQ糖 （蓝莓味）苹果
4891028165279,维他巧克力豆奶250ml
6920180239196,屈臣氏400ml
6936200600310,佳霖生粉100g
6945722500626,盈丰排骨面
6970855690302,加碘低钠盐250克
6937761805015,宝矿力500ml
6944649700126,景田（大）1.5L
6914782082434,徐福记沙琪玛八庄鸡蛋2包促销装 160g
6901097741163,无花果
6952246400165,石头果-石榴味
6901668006103,奥利奥饼干
6921294305104,康师傅水蜜桃450ml
6921823506057,五彩绳 盘
6915530823224,嘉乐菊花茶（盒）250ml
6907878030013,可口可乐肥仔300ml
6914973105386,m豆代
6907878200027,雪碧（大）
6970525550080,水枪 果酱 变色卷
6926106103213,乳酸菌 奶酪 盘
6921211100126,曼妥思(特强薄荷)
69028571,绿箭无糖薄荷糖（原味薄荷味）
6904468226887,金嗓子
6907992513539,伊利优酸乳爆趣珠苹果味
6954767412573,可口可乐500ml
6954767432076,雪碧500ml
6921294399639,康师傅番石榴汁500ml
6901028062312,南京(十二钗烤烟)小盒
6922255451427,百岁山矿泉水570ml
6934665087653,优益C原味
6931273213535,和成天下槟榔 20g8  1*10
6900082020061,公仔碗仔面（海鲜味）
6901424333948,王老吉（盒）250ml
5013,泡鸭脚
6902538007381,脉动仙人掌青橘味
6917935000736,日清炒面大王红烧牛肉味
6924922600657,洁丽雅纸巾
6920548867122,旺仔QQ糖蓝莓味23g
6923450656181,桶益达无糖口香糖（ 冰凉薄荷味）40粒装
6922956300666,路路香酥鱼仔
50282,大虾条
50280,棒棒糖
6935284412918,卫龙大面筋106克
6926475204290,袋优乐美奶茶（香芋味）
6926905100444,星期一
6924160712662,无穷爱辣鸡米6小包60克
6926265339515,上好佳洋葱圈
6921482334206,旺旺泡芙草莓味18克
6924160714017,无穷鸡蛋30g   1*20
6924882496116,百事可乐500ml
6917935002921,桶合味道 咖喱海鲜风味 牛肉
6901035607216,老青岛  1*12
6970903600017,龟苓膏 奶片
6934937600047,鱼醋 大虾条盘
6921168532049,农夫山泉农夫果园（3种味）番茄500ml
6930487902006,麻辣王子
6917878009254,雀巢威化饼（花生夹心）
6925909987099,皇爷雄究究  32g
6907992500010,伊利优酸乳 250ml
6902902007214,厨邦酱油1.63L
6900873042715,康師傅香菇炖鸡面101克
6922556005299,鲁鲁仔干烧脆 盘
6925303773915,袋统一100老坛酸菜牛肉面
6938475201506,小龙虾 啤酒鸭
6921294396508,康师傅绿茶1L  1*12
6902227014829,嘉顿威化饼干（草莓味）50g
6902253113169,鱼泉老坛酸菜
6902253888531,鱼泉榨菜农家味
6902253888906,鱼泉竹笋 木耳榨菜 老坛 盘
6907992400754,伊利牛奶片
6920861234403,咸金枣
6908946286905,百事可乐（罐）330ml
0012,富龙水
6901028071765,中南海8mg
4891028164456,维他柠檬茶250ml1.16
6934172100357,友我香鸭翅30克
6901285991530,大怡宝4.5升
6941819000017,大红浙醋600
6907878330113,大罐 雪碧330ml
6958214656787,叨嘴巴槟榔 大包  1*10
6902227012375,嘉顿威化饼干（草莓味）
6922725811089,麦烧 盘
6921294300918,康师傅柠檬茶（盒）250ml
6970328410185,15g超Q蛋
6900082020139,公仔炒面王(香辣味)
6927762900093,山西陈醋 420g
693331106698,酒鬼花生椒盐90克
901035607216,青岛啤酒
6905386814415,功夫杯饼干条
69025143,桶益达无糖口香糖2种 （香浓蜜瓜味）40粒装
6915530823316,嘉乐冬瓜茶（盒）250mL
6970716690021,甘师傅一根葱
0024,香米
6921168558018,农夫山泉绿茶
6921480218287,味事达味极鲜380ml
6922507800515,陈克明爽滑挂面900g
6921294358698,康师傅饮养奶咖
0023,泰国米20斤装
6952246400172,石头果
69024894,士力架花生夹心巧克力35
6907938200134,金芙纤麦 盘
6921294305036,中康师傅矿物质水500ml
6957670201203,小贴士香辣毛豆
6920907808759,好友趣牛排味沙拉45克
6926265301024,上好佳（鲜吓条辣味）芝士条
6920118519567,金味营养麦片
6902890234180,双汇台式烤香肠（原味）
6924160712990,无穷爰辣小翅8g
6924160713522,无穷烤鸡小腿（蜂蜜）
6931365420094,童哥鱼仔酸菜味蓝色
6935284411218,卫龙亲嘴烧32克小包
6952813400031,口味王（一品槟榔)
6948195800446,金龙鱼第二代食用调和油900ml
6902902003797,美味鲜白醋500g
6952813400987,口味王槟榔大包2种
6901845040326,格力高百力滋（色拉味）
6923090702019,蓝可乐椰果饮料
6923567880219,咪咪蟹味粒20g
6926475204146,袋优乐美奶茶咖啡味
6936199500271,烤翅 盘
6901236382974,维达抽纸（3层130抽）
6914068017570,洁柔金尊抽纸6包装
6923644278588,蒙牛纯甄巴氏杀菌热处理风味酸牛奶200ml
6901035609265,小罐老青岛
6923644242947,伊利优酸乳（AD钙）250ml（蓝莓）
30011,防风火机
6925303754112,海之言柠檬味饮料
6932404910033,炭烧点心面
6932404911900,点心面3种
6946816806709,柠檬片 盘
6956215500085,台式素香肠 盘手撕素牛排
7622100916345,冰蓝薄荷万宝路
6902538007169,脉动椰子菠萝味600ml*15
6925999702008,香脆鸭掌香辣味
6920202866737,红牛大罐
6925303739454,阿萨姆奶茶1.5l
4891028706656,罐维他柠檬茶
6920174735703,立白超洁清新洗衣粉2.118g
6907878050110,可口可乐 500ml
6920202888883,红牛（国产）250ml
6924187821989,洽洽原香瓜子（原味）285
6921294305401,康师傅矿物质水（大）1.5L
6907878033021,罐雪碧330ml
6936768011085,嘉利是花生3种
6911988014849,达利园法式软面包（香奶味）
6920912340602,昐昐薯片家廷号
6926475203187,优乐美奶茶（草莓味）
6902534023811,甘竹牌豆鼓鲮鱼罐头
6902538007206,脉动(炽能量)
6922956300529,路路野山椒鱼仔50g
6936868700162,康之有豆干泡椒味
6970066398516,哈哈毛豆 盘
6908946287896,美年达酉瓜味600ml
6922731800695,ABC日用棉柔纤薄卫生巾K11 8片
6948960100993,高罐哈尔滨啤酒  500ml
6901285991271,怡宝大1.5L
6907878050554,支香草可乐500ml
6921168520015,农夫山泉水1.5升
6922871812367,糥米酒
6922956302066,路路红油豆花干
6933311066271,傻二哥粗粮锅巴（麻辣味）
6935768922407,口水娃多味花生 （香辣味）
6957670230005,藕片毛豆 盘
6956060519669,妙滋味铁板鱿鱼烧烤味橙色
6921665707940,思念真鲜水饺
6924187828759,洽洽原香瓜子（原味）150g
0027,皮蛋
6914782083219,徐福记卷心酥 （草莓味）
6937221704346,贤哥天天主播3种
6930953094044,光明健能牛奶
6907992104232,每益添百香果味
6920180209168,碧泉柠檬茶330ml
6907992512587,味可滋香蕉牛奶
6917878000879,雀巢脆脆鲨威化饼（奶香味）
6909131169201,中国劲酒35度125ml
69027086,条益达口香糖（西瓜味）
6900873097043,袋康师傅藤椒面
6936857500810,手撕素肉 盘
6924955403355,小鲜肉 盘
6941861705212,嘉虹地拖
6907878050448,零度无糖可口可乐500ml
6901028193504,芙蓉王（硬）
503,面包
6920548867115,旺仔QQ糖 （草莓味）
6954877900120,250洁婷孖装
6944649700065,景田纯净水（中）560ml
4891028164395,维他原味豆奶250ml   1.16
6926896703099,吉香居泡椒豇豆
6920180219082,支沙示380毫升
6928015480119,兰花一品鲜
4891132016603,龙凤双喜
6902538004045,脉动青柠味
6904406383122,出口九江双蒸酒29.5度500g
6921294351033,康师傅芒果小酪芒果味饮品500ml
0021,小农粘 珍珠米 10斤装
6920174746396,立白馨香洗衣粉1千克
6902613100020,泰奇八宝粥370g
6901285991240,怡宝水350ml
7000,大垃圾袋
6921823511136,5+2套餐 盘
6926643020790,麦丽素
4891028707851,维他奶(低糖原味豆奶)1.16
6907878030020,雪碧肥仔300ml
6913189537301,同享九制陈皮
6957270500041,山椒鱼仔绿色
6971456680280,臭豆腐 铁板鱿鱼
6914782115651,熊博士口嚼糖（芒果味）
6958214616880,叨嘴巴槟榔(中包)
6901668005717,卡夫奥利奥原味夹心
6921168509256,农夫山泉550ml
6922956300901,路路鱼仔 野山椒绿色
6923450657713,桶益达至尊无糖口香糖（草本精华）40粒装
6924187833708,洽洽食品小而香（奶油味）
0014,桶屈臣氏
6920584471017,旺仔牛奶（罐）245ml
6924760701691,随便摆苹果味冰棍65g
6921294357639,康师傅蜂蜜柚子
6923450680209,大大泡泡糖（1*4）
6902934990836,喜之郎吸吸果冻荔枝味维E钙
6926475201336,喜之郎吸吸果冻柠檬味150g
6901294177017,六神花露水
6921669800036,滴露消毒液
6900873060061,袋康师傅红烧牛肉面
6947093180087,银城湘味酱鸭脖
6932006800787,厕所泵
6923450662113,弹立方冰爽柠檬味40g
6925909960085,张新发槟楖
4891132011332,桶南洋
6923450605318,铁罐绿箭无糖薄荷糖（茉莉花茶味)
69021343,条益达口香糖（蓝莓味）
6934665086441,蒙牛红枣风味酸牛奶100g
6945409000074,天天主播 彩虹薯片  盘
6935041525066,旺仔小镘头
6926265339386,上好佳（鲜虾片）10g
6931372400140,北京烤鸭 盘
6958620700784,友臣肉松饼葱香 68克
6928441068929,陈老根香辣鸭翅
6947263700053,火爆牛筋 鸡筋
6915530710074,嘉乐清凉茶250ml
6907878050226,雪碧汽水(中胶)500ml
6902890220138,双汇王中王10支300克
6933392601507,力邦牌创口贴
6957670250003,小贴士香辣海带
8015750,卡比烟
6907992100012,伊利优酸乳草莓味
69021824,旺仔牛奶盒装125ml
6903244370899,七度空间女生护垫
6921294305012,康師傅冰红茶500ml
6901826807641,南孚7号电池
6902083893842,娃哈哈营养快线幸福牵线椰子味500ml 1*15
4004591037939,进囗黑啤酒500毫升
6921294396362,康师傅冰红茶1L
6922507800706,陳克明面500克
6921804700757,老干妈风味豆豇280g
6935284411768,烤肉片 卫龙魔芋爽
6924240200102,北京二锅头酒
6907992511146,伊利谷粒多黑谷牛奶饮品 250ml
6921168500956,水溶C100柠檬味
6902534238499,甘竹豆鼓鱼罐头
6921294398823,红茶2L
6906151600462,牛栏山陈酿白酒42度
6906151900982,牛栏山二锅头白酒 56度
6902265360100,海天蚝油260g
6923644284688,伊利老冰棍棒冰
6935284415087,卫龙小面筋30克
6902890234326,双汇台式烤香肠（孜然风味）
6926892521086,桂圆莲子八宝粥360g
6954767412573,可口可乐500ml    1*24
6934660525228,苏菲弹力贴身超薄体贴棉柔表层日用
6907992822594,伊利佰豆集奶香绿豆棒冰 70g
6956367338666,支装王老吉500ml
6936768011351,嘉利是花生米
6947506555501,家会肉松饼
907992100012,伊利草莓奶
6957735788861,椰子汁（罐）245mL
6900873049844,桶康师傅酸菜牛肉面 仔鸡
6930951100587,雅家乐衣架
6949034196010,雅贝洁牙刷 新601
6949034198021,雅贝洁牙刷 新802
6907992815909,伊利玉米香
6931469401968,金富來（腰果仁）
6901035601764,青岛啤酒500ml高罐   1*12
6934457616023,惠川下饭菜
6952307320197,酸菜芾鱼 刁子鱼 沙丁
6936455900050,爆香鸡  烤鸭脖
6918551810877,五羊飞鱼脆皮雪糕
6927157682207,椰牛500ml
6922797811208,印尼万里望花生
6925303721244,统一鲜橙多（大）2i
30010,大防风火机
60339,蚊香盒
6923644275198,蒙牛冰加芒果口味雪泥75g
6927157682160,椰牛1.25L
6901035609265,小罐老青岛330ml     1*24
80248,毛巾
6901028134903,金圣烟
6920180239196,屈臣氏400ml   1*15
6956367338680,罐王老吉
6917935002792,合味道大杯海鲜味
6935768921134,口水娃兰花豆（五香味）
6921294392401,康师傅乌龙茶500ml
6921400600161,神龙贵族酒125ml
6933040203411,童年记瓜子
6901028053136,玉溪初心
6924160713218,无穷盐焗鸡腿（香辣）
6900082020146,公仔炒面王(鲜味蚝油海鲜味)
6920180209205,新奇士汽水
6921294305166,康师傅绿茶550ml
6921294398342,康师傅劲凉冰红茶500ml   1*24
6924160712914,无穷爱辣鸡翅8小包120克
6921294302387,康師傅冰红茶250ml
6921294355383,康师傅劲凉冰红茶1L
6938514100449,江小白单纯高粱酒100ml
6901434393789,绵竹大曲38度
6920907800913,2个装好丽友巧克力派34g
6937221712419,贤哥豆干酱香味绿色
6942332864681,3道卤兰花串香辣味28克
502,面包
007,蛋糕
6914782082397,徐福记沙琪玛芝麻香酥
6924160712747,无穷爱辣鸡米10克
6901028025638,娇子（红）
6956416200067,果粒橙 420ml橙味
6926892516082,银鹭牛奶花生复合蛋白饮品
6901236390610,维达（蓝色经典1800）卷纸
700,垃圾袋  大
0026,鸡蛋
6902253888951,鱼泉鲜香榨菜 辣盘
6918551804593,雀巢雪糍
6923469700424,福珠生粉
6933125677816,湘潭铺子枸杞槟榔15元
6937082260531,味聚特学生榨菜
6907768518140,双面洗碗巾
6901754141008,乌江榨菜88克
70057,一次性筷子
6921294354157,康师傅茘枝 青苹果
6938475201247,香菇牛肉盘
6924406000751,仁王山楂派（山楂饼）
6934665082047,蒙牛冠益乳草莓味
6935284412178,卫龙大面筋
6902538005141,脉动水蜜桃味
6901668005748,奥利奥原味饼干
6911988006561,可比克蕃茄味薯片桶装 105g
6931780720199,支天地一号苹果醋饮料
6921168593637,农夫山泉水葡萄530ml
6923644285739,蒙牛优牧红豆牛奶口味雪糕
6921294389463,康师傅（冰糖雪梨）
6907878050332,芬达500ml
0091,清洁球
6920174754964,立白玍妾洗洁棈1.5千克
6921294393798,康师傅茉莉蜜茶500ml
6924810801319,卡士原味120克
6924810802217,卡士原味100克
6907992821924,伊利冰工厂炫菠萝雪糕
6958761801319,平治牛油曲奇饼干
6901285991257,怡宝（小）350ml   1*24
6923388284104,万盛达扑克
69020605,条益达口香糖2种（薄荷味）
6924760720425,小布丁
6923644251697,蒙牛随变经典香草口味雪糕75g      
6923644284329,蒙牛酷爱纯脆草莓香草口味脆皮雪糕
6954365701062,坚果小镇
6924760701660,亿奇心情绿豆味冰棍60g
6931557710064,高山笋片 盘
6923450662267,彩虹糖9g
6970509678885,咸牛轧
6907992821832,伊利冰工厂山楂爽
6902890234166,双汇玉米热狗肠
6959837000131,炫冠放学了薯片
6922956300871,路路香酥鱼仔红色
6937221712952,贤哥酒鬼花生
6925138200020,片片爽
6913102111038,家乐鸡粉
6948195800620,金龙鱼（花生浓香油）5升
6920907808834,好丽友泡菜味薯片
6911988006783,达利园蛋黄派（1.10）
6934937600030,千里香 皇鱼 盘
6903244370431,A8410安雨乐工度空间夜用卫生巾丝柔表层
6920548862028,旺仔QQ糖 （葡萄味）
6917935006004,日清炒面大王红烧牛肉风味
6940845600253,小米锅巴 酱肥牛盘
6915530710203,嘉乐茅根蔗汁250ml
6956416200029,果粒橙1.25L  1*12
6926475204030,喜之郎果粒爽苹果味350ml
6939926600121,双汇岭南风味香肠
6922507800522,陳克明挂面900克
6927018401848,渔米之湘手撕素牛排牛肉味
6922956300789,路路精制香干80克
6932877200105,德和药香鞋垫
6924187821644,洽洽香瓜子（百煮味）260g
6907992821825,伊利冷饮冰工厂清爽蓝莓棒冰 80g
6907992814711,伊利香浓布丁雪糕
6917790976894,酵母
6936200600617,孜然粉
6954877900366,奥玛斯一次性碗20只装
6920525760019,6001毛巾 新
6925954417299,洁丽雅毛巾 6729新
8000500133170,金沙朱克力（8个装）
6921294356939,康师傅经典奶茶（盒）250ml
6945091708449,晨光中性笔1720
0015,玻璃可乐雪碧
6901285991233,中怡宝555ml   1*24
6933311066219,傻二哥酒鬼花生（香辣味）
4891028170150,维他菊花茶250ml  1*24
6920766212094,旺旺雪饼
6940553000031,凤巢(野山椒凤爪)
6924033533899,普宁豆酱 200克
6907992511139,伊利谷粒多红豆250ml
6907992511146,伊利谷粒多黑谷牛奶饮品 250ml  1*16
6920180209250,碧泉柠檬茶2种（罐）345ml蜜桃味
6954877900441,金杯一次性杯
954767412573,可乐支
6900873000470,康師傅香辣牛肉面大食桶143克
6907992512570,安慕希原味205克
6923567880271,咪咪虾味条90克
6924160712723,无穷盐焗鸡腿70克
6936768005336,嘉利是白玉咸干花生205克
6907992500133,伊利高钙低脂奶
6951592317011,卫龙亲嘴豆皮65克
6907878125016,可乐1.25L
6907992100012,伊利优酸乳草莓味   1*24
6948960100078,高罐百威啤酒500ml  1*12
4891199000072,DP大电池
6920174720631,立白椰油精华洗衣皂（清雅茉莉） 202g
6952755203752,洗衣刷
6920174761047,立白生姜洗洁精500克
6936768005367,嘉利是五香咸脆花生205克
6907878330106,可口可乐大罐330ml
6901028937252,延安红韵硬
6924743915091,乐事墨西哥鸡汁香茄味40克
6909493400639,和路雪可爱多甜筒草莓味
6921168504015,尖叫蓝色500ml
8993175537445,丽芝士纳宝帝奶酪味咸化饼干58克
6925303773106,统一来一桶 辣老坛酸菜牛肉面
6920180244459,屈臣氏花物 1*24
6921294398434,康师傅茉莉清茶500mL
6942886301144,回头客香橙蛋糕84g
6922737800002,地都咸菜
0231,泰国米（20斤装）
6901180993486,嘉士利果乐果香草莓
6924160712334,无穷盐焗鸡腿80克
8801073140578,火鸡面5连包
6921294389371,康师傅冰糖雪梨900毫升
6906785230165,红星二窝头56度100
6926896700968,吉香居爽口菜
6923450690642,绿箭脆皮软心原味薄荷味糖80g
6917935002150,桶合味道 海鲜风味
7622100913696,红万
6937221708825,贤哥铁板牛肉味
6921168550128,农夫山泉柠檬维他命水500ml
6958642200057,葱油馍片
6959103100312,垃圾斗
6901236380307,维达面巾纸盒子装130抽  5盒装
6927462202060,金锣王中王80克
601,吸管（5根1元）
6907992500010,伊利优酸乳 250ml  1*24
4895058315994,EDO榴莲饼干
6904406383290,小九江双蒸酒29.5度
6911988005854,好吃点低糖海苔饼
6920766211110,旺旺仙贝
6911988014276,和其正凉茶600ml
6903148018194,佳洁士盐白牙膏90
6920174735444,立白洗衣粉1.68千克
6949034192227,雅贝洁牙刷 新222
6949034193019,雅贝洁牙刷 新301
6925925908238,伊高绵花糖 雪糕杯
6902226190180,黑妹野菊花清热牙膏105
6900873039203,康師傅老坛酸菜牛肉面五连包
690102800529,五叶神
6945852772436,拉丝面包
942628020241,重庆酸辣粉
6921168593545,5l农夫山泉水
6931308000062,春江桥牌阳江姜豉
6906303888885,王守义十三香
6927589868859,味致奇红油豆瓣
6908946286905,百事可乐（罐）330ml 1*24
6922792100246,老掌柜43度
6907992822914,佰豆集心多多雪糕
6921718050894,桔片爽248ml
6936868700032,康之有野山椒凤爪90克
6956416205093,美汁源三重果粒橙420ml
6926106102193,立酸 彩馨 天天嚼
6933125666681,湘潭铺子槟楖 中包
6903148031957,护舒宝瞬洁丝薄干爽日用（10+2）
6922731800770,ABC夜用棉柔纤薄卫生巾K12
6922731800800,ABC超薄K21卫生护垫22片
6920404376751,泰国话梅肉
80768258,健达奇趣蛋
6955614490096,热水袋
6921168504022,尖叫绿色500ml
6956416200425,胶酷儿橙汁味 500ML
6921294348965,康师傅金桔爽
6922215650051,渔享酸菜带鱼酱香味蓝色
6924743919259,乐事番茄 黄瓜大包
6918551811966,五羊筒榴莲味73g
6931854800109,龙囗粉丝
6970855690166,低钠盐
6902083886455,营养快线椰子味500ml
6902890231745,双汇脆骨香肠
6921294398236,康师傅劲凉冰红茶（盒）250ml
939926600121,岭南风味香肠
6904406960507,九江双蒸酒29.5度600ML
6914973600997,MM牛奶巧克力豆
6926292511311,日美指甲剪A618
6900873022991,袋康师傅卤香牛肉面
6901668005731,卡夫奥利奥草莓夹心
6931372410965,蓝可乐 醇芙
6914597101443,五羊牌甜筒5种味
6918551811485,雀巢（香草花心筒雪糕）
6909493200277,梦龙香草口味冰淇淋 64g
6923644279059,伊利红枣牛奶味雪糕
6921168593569,茶兀 蜜桃乌龙茶500ml
6921168593576,茶π柚子绿茶500ml
6902312131080,榄菊电热蚊香片30片
6921383700025,胶衣叉
6923644266318,蒙牛特仑苏250ml
6924810801418,卡士草莓味120克
6914253468187,森和园串屋彩条棉花糖100克
6938475201902,小龙虾
6907992102764,畅轻燕麦+草莓风味发酵乳
6917878131504,雀巢脆脆鲨威化饼（巧克力夹心）
6918551807884,雀巢8次方香草 84g
6920180219006,新奇士（黑加仑汽水）
6901028000659,双喜（硬经典）
6901028193504,芙蓉王（硬）1*10
6953957901118,奧特蛋
6914557183649,珍珍薯片原味
6921804700702,老干妈香菜 盘
6926896700944,吉香居脆豇豆
6936145909622,阳晨牙刷
4891338000949,黑人牙膏双重薄荷 （50克） 香
6901236373934,维达蓝色经典10卷
6953500600017,牛耳酥 香酥3种
6901028001625,双喜（硬经典1906）
6907992507385,金典纯牛奶
6925861571299,礼品旺仔牛奶盒装125mL 5排
6926265313386,上好佳鲜虾片80克
6933311066592,小酒花生(烧烤味)90g
6901826888244,南孚7号电池
6920912342002,盼盼烧烤牛排 105g
6923644284312,蒙牛香雪杯
6932512600369,菠萝味低醇啤酒 330ml
6935284412130,卫龙亲嘴语78克
6902312188992,榄菊电热蚊香液清香型
6902312302510,榄菊电热蚊香液加热器
6924160712617,无穷盐焗鸡翅（原味）4小包60克
6939969400177,牙签  大包
6907878125023,雪碧1.25L
6908946284475,美年达（大)
6920180209229,屈臣氏沙示汽水 330mL
6920180209601,屈臣氏苏打水（罐）345ml  1*24
60384,针线盒
6909493500414,和路雪 奶昔杯草莓口味雪糕90g
6901668062086,趣多多巧克力饼95g
6920907800616,2个装好丽友蛋黄派46克
6920907800654,好丽友抺茶味6枚
6951605020945,中美浸塑衣架 1150
6987387901134,方巾 2113
6926292519157,耳挖
6900873000371,康师傳面（大桶）红烧牛肉面143克
6937082260395,囗囗脆榨菜
6956416205130,美汁源三重果粒橙 红葡萄420ml
6917935002907,合味道大杯五香牛肉味  1*12
5014,泡鸭翅
6907878033038,罐芬达（橙味）330ml
6917935006011,日清炒面大王葱油肉丝风味
6900873094448,康师傅香爆脆热辣咕咕鸡干脆面26g
6907992103952,袋纯牛奶
6911988026323,达利园早歺包 奶绵蛋糕
6900873039005,袋康师傅酸菜牛肉面
6921168558032,农夫山泉乌龙茶
6902934959222,喜之郎果汁果冻乳酸钙150g
6926475202449,喜之郎(什锦果冻)
4891338005814,黑人建齿牙刷
6921098882368,小石湾米酒29度
6902083881085,大AD钙220ml
6920548862042,旺仔QQ糖 （水蜜桃味）
6921482336019,旺旺黑白配香草味饼干60g
6918551809734,五羊杯
6909995103694,旺旺小小酥（原味鸡肉黑胡椒）60克
6911316361584,曼妥思霓虹糖
6918551812086,五羊牌双皮奶味甜筒雪糕
6948601300225,东芝电池1号
6923976110167,溜溜梅鸟梅
6907878030037,芬达肥仔300ml
6911988014900,达利园法式软面包（香橙味）
6902538007367,脉动海盐青芒味
6924187828964,洽洽香瓜子（奶油味）150克
6911988007209,达利园巧克力派 （1*10）
6935284471076,卫龙魔芋爽橙色
6928580584663,联生陈皮 八仙丹 梅皇
6925303754884,小茗同学480ml冰橘绿茶
6970018505146,广东豆奶3种
9300682036665,进囗麦提莎巧克力
6932430200115,四洲热浪辣薯片
6902902004220,美味鲜原晒金标生抽王620ml
6921226788920,牛头手套
6901845040685,格力高百醇巧克力味48克
6901845040692,百醇巧克力 牛奶
6920907809213,好丽友好友趣(烤翅味)45克
6902902008419,厨邦土鸡精100g
6935284412772,卫龙亲嘴烧 小面筋
6935284413663,卫到二次烧32克小包
6907878033021,罐雪碧330ml    1*24
6933569400377,502胶水
6902265120506,海天金标生抽500ml
6933924500209,家乐花生3种
6926475204283,袋优乐美奶茶麦香味
6936003512414,旺仔牛奶糖
6959836900128,南北特千禧蛋
6900873057962,袋康师傅葱烧排骨面
6900873710799,袋康师傅鲜虾鱼板面
6902227014119,嘉顿威化饼干（巧克力味）200克
0861,透明胶纸（大）
6951957205755,劲仔酱汁小鱼蓝色
6901028221368,贵烟小盒
6901028015417,真龙
6900873097029,桶康师傅香辣牛肉面 藤椒
6935253604382,羽帆好味来盐焗鸡腿辣味80克
6911988000682,达利园草莓派（1*10）
6941396982317,1对装木筷
6923388200708,No.5001_万盛达扑克（10副盒装）
6933066001367,乖媳妇凤爪
6935768921127,口水娃兰花豆（烤肉味）
6921278300019,肉松饼
6900082020412,公仔炒面王（浓香炸酱)
6902227014843,嘉顿威化饼干（柠檬味）
6923450656150,桶益达无糖口香糖（ 草莓味）40粒装
6928629911023,想不老五香茶蛋2个装
6925913828883,泰发冰豆饼
6903220120364,杨协成马蹄爽300ml
6903244370912,七度空间冰感护垫
331,雨伞
69029110,益达口香糖32g  12片装热带水果
6948195800804,金龙鱼花生油1.8L
6954327201319,男袜子新
6901668002426,奥利奥巧心结巧克力味47克
6918768000221,禛香肥牛
6922956301106,路路麻辣豆腐串
6933924500377,家乐蒜香味花生200克
6903148225844,飘柔兰花洗发露3种
6904915641829,蜂花小麦蛋白护发素
6923904366628,强力盆52
6949034194030,雅贝洁牙刷 新403
6901347884343,正宗椰树椰汁大盒
6922761400148,200g益力味精
6928015480126,兰花一品鲜1.6g
6920174736977,立白超洁清新洗衣粉455g
6921294351033,康师傅芒果小酪芒果味饮品500ml  1*15
6937761805015,宝矿力500ml  1*24
6902902009140,厨邦蒜蓉辣椒酱
6917878030623,雀巢咖啡（支装）1*15
6928669288031,台湾野生紫菜
6924160714093,无穷烤鸡小腿蜂蜜4小包60克
6928580584601,联生九制八仙丹
6940845600185,酒鬼牛肉 盘
6924160712686,无穷爱辣鸡爪8小包100克
6922956302110,路路相思卷
6924882496116,百事可乐500ml    1*24
6922024730036,白兔糖
6926475204115,袋优乐美奶茶（原味奶茶）
6907878033014,可口可乐 330ml   1*24
6900082010048,公仔面（麻油味）
6909409014240,上好佳薯条（番茄味）
6900082020450,迷你公仔碗仔面（风味排骨）
6925303791254,汤达人罗宋汤面90克
6955936500718,乐聚香辣基围虾8克
6914557183144,珍珍薯片（烧烤味）50g
6914557183335,珍珍切片型马铃薯片50克（番茄味）
6926475203156,优乐美奶茶（麦香味）
6902265120193,海天金标生抽1.9
6921741288387,梅菜笋丝
6938216207187,宏胜不锈钢汤盆
7622100916321,单爆珠
6907878200010,可口可乐（大）1*8
6907992501864,伊利优酸乳（草莓味）250ml
6902253888692,鱼泉风味萝卜
6902890230182,双汇福美火腿肠
6907878025026,雪碧2.5L
6925861531064,旺旺碎冰冰(草莓味)78ml*20
6926265339348,上好佳草莓味
6943098500011,水煮鱼 盘
6908011806366,青蛙超细软毛牙刷买1送1
6934675100540,棉棒
6935406166613,妙娇童巾 52003
6935461600350,童巾0035
6949034194047,雅贝洁牙刷 新404
6902227014591,嘉顿威化饼干（花生味）
6924743915848,桶乐事薯片（黄瓜味）原味
6914557183403,珍珍薯片(热辣味)50g
6914557183427,珍珍薯片（热辣味）90g
6902890235118,双汇泡面拍档
6922145800526,有友泡风爪
6948195800446,金龙鱼第二代食用调和油900ml  1*15
6903244371018,七度空日用
6934660516714,苏非超熟睡柔棉感420m4片
6943340000030,不锈钢汤盆22cm
6949150200455,红橿木筷
6956060800231,吉星碗 新
6970521896670,8寸盘
6923644266066,蒙牛特仑苏纯牛奶250ml  1*12
6970377460032,俏仔鸭脖
6907992502052,伊利纯牛奶250ml
6937221712969,酒鬼花生2种 盘原味
6951957205779,劲仔卤香小鱼紫味
6923830302165,鸿福堂（咸柑桔饮料）500mi
6900873017669,五连包康师傅香辣面
6938497700094,昐昐香蕉味酥
2511145000001,玻璃嘴
6914782203693,徐福记沙琪玛便利包（蛋黄味）
6907435672861,好迪保湿啫喱水2种 香
6923450605738,绿箭薄荷糖黑加仑子35粒铁盒装
6924160714710,无穷爱辣鸡蛋25g
6902083890414,营养快线原味1.5L
4891338005692,黑人牙膏双重薄荷（90g） 香
6933125666889,湘潭铺子枸杞槟榔20元
6917336403303,家乐鸡精
6902890240280,双汇椰果烤香肠
6924406000454,仁王山楂派（纸包山楂）
6970759290073,凤巢笋尖
6928613300802,芳草纸巾
6917878044767,雀巢咖啡原味1+2
6935178500226,泸州市高粱酒40度450
6928758789609,益力多  1*5
6907992816999,伊利牧场雪糕奶昔杯
6908312000852,欣欣杯牛奶味
6902902006439,美味鲜小南乳
6925861531170,旺旺碎冰冰（菠萝味）78ml*20
6928844450208,可乐基蜜汁鸡翅蜂蜜味25克
6970052480003,鱼怪乖乖鱼尾湘辣味16克
6926475204412,喜之郎cici果粒爽水蜜桃味350ml
6918551811317,雀巢笨nana苹果味52g
55015,泰国米
6920721716186,劳工牌洗洁精 1.68千克
6901798190772,小泸州老窑40.9度
6941704413526,初心牛奶
6948960100108,罐百威啤酒330mi   1*24
6931115112385,广基隆五香南乳花生
6936455900159,福隆北京烤鸭脖味
6920404389492,农夫黑加仑李果
6903148160442,海飞丝去屑洗发露怡神冰型5ml
6935979514538,沙茶王
6953114166503,马后炮三角内裤
8993175540735,丽芝士威化饼干
6921482334145,旺旺泡芙牛奶味18克
6926475201329,喜之郎吸吸果冻芒果味150g
0400,垃圾袋
6934665081231,蒙牛支风味酸牛奶2种450克原味
6903148031940,护舒宝瞬洁丝薄干爽日用（5+1）
6917935002297,桶合味道 猪骨浓汤风味
6933066000216,乘媳妇山椒凤爪
6907992504476,伊利麦香味早餐奶 250ml
6911988011602,达利园法式小面包
6902934990362,杯喜之郎果肉果冻什锦果肉
6939336063417,江门排米粉
6906664823327,红枣枸杞牛奶  1*12
6900082010222,公仔面（凊炖排骨味）
6920907800302,好丽友蛋黃派12枚
6935253604559,好味來鸡肫 鸡米 盘
6935253604566,好味来Q辣鸡米11克
6954916301109,逗怪你飘香鸭脖香辣味18克
6957270500072,乡里娃辣肉干 肉串 盘
6914782115668,熊博士口嚼糖（哈密瓜味）
6923644284336,蒙牛酷爱纯脆香芋味脆皮雪糕
6900873095926,康师傅藤椒豚骨面110克
6925861531828,旺旺碎冰1*20条
6902022134357,蓝月亮熏衣草洗衣液 2Kg
6920174736922,立白金桔洗洁精
6925303754112,海之言柠檬味饮料   1*15
6921294351941,康师傅冰红茶青苹果    1*24
6923450658079,5激酷薄荷味12片装
6936891520515,长棒饼干
6906785005015,红星二锅头52度 500ml
6902083914325,娃哈哈芒果酸奶饮品1*15
6926475201008,杯喜之郎果肉果冻黄桃蜜桃
6935633706026,旺中顺鱼皮花生
4902210254708,万事发4毫克
6902022137334,蓝月亮洗衣液袋
6924187839854,喀吱脆（芥未三文鱼味）51g
6901009901005,长城干红葡萄酒赤霞珠精选级12.5度
6917935002280,桶合味道 香辣牛肉风味  1*12
6936868700155,康之有泡姜凤爪90g
6926475200360,喜之郎吸吸果冻铁锌钙苹果味150g
6932404910002,炭烧点心面香葱鸡汁味
6922956300505,路路炭烧鱼仔
6934665083624,蒙牛单果粒酸牛奶草莓果粒三角杯260g
6926475204481,喜之郎果粒爽红葡萄258ml
6935284412079,卫龙亲觜胖次
6921340903087,艾诗沐浴露（浪漫花香） 新
6901097741156,九制陈皮
6921168593552,茶π西柚茉莉花茶500ml
6920174761757,超威强力洁厕精
6937397711834,日式盆
6937397713036,旭盛学生桶
6920174723649,立白漂渍液600g
6901121900153,万丽电热蚊香液
6901009901753,小长城干红华夏葡萄酒
6922215613650,渔享沙丁鱼香辣味红色
6940142600116,锦程腊八豆
6900873096114,桶康师傅香菇炖鸡面 2种
6928844450017,可乐基香辣烤翅瘾辣味
6933213204771,爽口佳碳烧兰花串香辣味20克
4891028169819,维他果汁芒果饮料
6900873097463,康師傅胡椒猪肚鸡面109克
6970483170108,欧式水桶
6900873000975,康師傅香辣牛肉面82.5克
6927099400211,杰士邦避孕套3个
0022,观音香米 30斤
6954432710201,炫迈薄荷无糖口香糖（6片装）
6908312000753,明治欣欣杯草莓味饼干条
6914782204379,徐福记磨堡蛋糕3个装（鸡蛋味）
6923859121822,路路达休闲男袜 2182
6934660524511,苏非熟睡超薄290m4片
6934665085840,蒙牛风味酸牛奶红枣450g
6901668053916,奥利奥杯草苺饼干
6921243232147,今天王子插座214 新
6926412202020,许小厨泡椒凤爪50克
8801116003907,爆珠七叶
6921294391985,康师傅茉莉蜜茶1L
6902083890636,爽歪歪4瓶
6921294398847,绿茶2L
6902890234135,双汇香辣香脆肠
6940553000314,皇巢野山椒凤爪100克
6970423260029,益芬元金针菇 盘
6903290190502,古越龙山陈年花雕酒16.5度600ML
6903148031988,护舒宝瞬洁丝薄干爽夜用（5+1）
6934660516615,苏菲超熟睡350  纤巧夜用
6933311066998,傻二哥酒鬼花生（椒盐味）
6943332580106,半岛万用香炸粉
6921168558049,东方树叶茉莉花茶
6926940700609,天淇雪糕原味奶
6936284791577,烕洁胶棉地拖（送头）
6911988009777,好吃点香脆腰果饼
6923490603985,创顺鱿鱼丝
6903148078907,汰渍净白去渍无磷洗衣粉1.36kg
0013,美丽湾水
6914068012261,维达倍韧600抽纸巾 洁柔百花香
6901826817237,南孚5号电池
4891338010559,黑人牙膏(茶倍健）
6911988013576,220g达利园瑞士卷草莓味
6911316540019,阿尔卑斯柠檬硬糖
6902083914318,娃哈哈大红枣枸杞酸1*15
6903244370424,A8310安雨乐七度空间日用卫生巾丝柔表层
6936519650204,液体胶氷5020
6901424286213,王老吉润喉糖
6907992103051,伊利红枣 原味
6920458826363,怡宝魔力维他命柠檬味
6907992818689,伊利三色杯
6901028046893,云烟（紫）
6932961800211,英吉利剃须刀 214
6902934982138,喜之郎果冻600g
6926106102131,小心凉薄荷糖
6909995103670,旺旺小小酥原味60g
6923450603574,彩虹糖（原果味）360克
6926475200995,杯喜之郎果肉果冻葡萄苹果
6903148145999,舒肤佳（椰油香皂）（菊花）
6903148225783,飘柔家庭护理兰花长效清爽去屑洗发露190ml
6920907807141,好丽友跳跳糖+棒棒糖葡萄味16克
6901294177024,六神特效花露水95ml
6907992631240,伊利奶片草莓16g
6901070600111,云南白药留兰香型牙膏100克
6956393415065,欧佳洁牙刷
6933392600302,力邦弹性创囗贴5片
6921168504015,尖叫蓝色500ml  1*24
6987387912000,诗琪1200毛巾
6935145301078,锐澳鸡尾酒紫葡萄
6900631212305,如丰香辣萝卜400g
6935563602054,金厨娘乡味凤爪35克
6958965521310,桶合味道（冬阴功风味）
6908946284451,百事可乐2升
6921294349535,康师傅果茶蜜柚500ml
6911988006455,可比克（番茄味）60克
6901236341292,维达超韧抽取式纸面巾150抽*1
6920912349032,昐昐薯片（牛排 鸡块）
6926667100171,火辣辣剁辣椒
6920193252618,金霸王7号电池
6921841900011,OK雨伞3002
6970056800937,40克鸡蛋布丁水蜜桃味
6945409000081,小薯园
6948195800460,金龙鱼第二代食用调和油1.8L
6901097750172,嘉应子
6934379224986,茂记盐焗鸡翅
6914782114302,熊博士口嚼糖（桔子味）
6926475203149,优乐美奶茶（原味）
6970056800630,40克鸡蛋布丁菠萝
6954432710232,炫迈水蜜西瓜味无糖口香糖 10.8g
6924160712792,无穷鸡米 鸡爪
6933311066288,傻二哥麻辣花生
0011,长江矿泉水
6957270500270,香辣莴笋  萝卜 莲藕
6924187839298,喀吱脆薯片（铁板烧烤味）50g
6945409000043,小薯恋
6922824588530,真巧酱芯巧克力蛋卷
6954365701451,时尚恋歌 坚果 张大姐
6943340001488,炒锅 龙贵36cm锅盖
6920907800968,好丽友12个装巧克力
6932062120362,石头糖
6902265470236,黄豆酱230g
6902253888678,鱼泉竹笋榨菜
6911988006523,桶可比克薯片（番茄味）
6924187839267,喀吱脆(鸡汁番茄味   )  51克
6921168593859,农夫山泉乳酸菌维他命水500ml
6926475207369,喜之郎鸡蛋味布甸果冻
6911988006448,可比克烧烤味薯片 60g
6902934990331,喜之郎吸吸果冻双歧因子草莓味150g
6918768000238,酱肥牛盘
6939343100051,狂跳
6937221702502,贤哥泡椒脆笋90克
6925303754952,小茗同学青柠红茶
6902312187650,榄菊黑蚊香家庭套装
6939969400092,细支牙签007
6902022130861,蓝月亮洗手液（芦荟）
6934665090547,蒙牛冠益乳石榴+玫瑰
6909131181234,劲酒（中支258mi 35度）
6921382733055,澳雪薄荷沐浴露
6926352054376,宝路易男士平脚裤5437 新
6922868281114,维达3种 湿纸巾
6923567880288,咪咪虾条蟹味90克
6942628030479,陈村米线袋（老坛酸菜味）
6957735788861,椰子汁（罐）245mL  1*24
6907992513560,安慕希黄桃+燕麦200克
6932430201143,粟一烧烧烤味小包
6902890229407,马可波罗160g
6920907808179,好多鱼（脆香烧烤味）
6920907808278,好多鱼 蜜香鸡翅味
6907878055054,冰露水
6971425850027,02宝矿力
6900873096190,康师傅香辣排骨面
6923450601549,绿箭64克
6932751000012,香港橄榄菜（180克）
7622100912040,双冰珠万宝路
6952246400110,石头果-蓝莓味
6934665091001,蒙牛风味酸牛奶 红枣味
4891338004527,黑人超白牙膏90g
6952246400127,拖肥
6901404300953,上海硫磺香皂95g
6901028001687,双喜（软）
6922442300446,胖子火锅底料
6970056800838,40克鸡蛋布丁苹果味
6923644274368,伊利香雪杯雪糕
6950027300130,不锈钢汤匙
6911988006554,桶可比克薯片（原味）
6920267900063,凤球唛番茄沙司250g
6909409040898,上好佳（烤肉味）50克
6935145301030,锐澳水蜜桃味预调酒275ml
6926475201312,喜之郎吸吸果冻苹果味150g
6923807805057,饭扫光麻辣什锦
6934172100425,友我香鸭翅心
6930193402579,肥皂盒
6937266710081,舒适双层润滑（1刀架6刀头）
6901672500017,白啤1664
6911988006578,桶可比克香辣
6911988013583,220g达利园瑞士卷（香橙味）
6923146102046,杜蕾斯大胆爰吧装3个
6925303773106,统一来一桶 辣老坛酸菜牛肉面  1*12
6925909980052,皇爷张新发精制手工食用槟榔28g
6938888888844,香飘飘珍珠奶茶（麦香味）
6900082020481,公仔面红烧牛肉面82.5克
6920912357204,盼盼空心脆 80g
6925303755461,小茗同学溜溜达茶
6931289450061,凤凰小洗脸盆
6923450658925,全新5蓝莓囗香糖12片装
6903148144442,舒肤佳香皂 柠檬去味型
6956416203426,美汁源果粒奶优草莓味450ml 1*15
6934331233087,洋洁棉拖
6936779203011,晶明玻璃水
6953079180019,高威纯棉地拖
6938825405172,樟脑丸
6911988007650,达利园香葱咸饼干
6955854696975,正牛插坐779（3米）
6900068807259,吉列威锋3刮胡刀
6920174736779,立白柠檬洗洁精 1.29
6920354803185,高露洁超强美白140克
6906816440075,联和一番冰片糖
6920907808117,好多鱼（浓香茄汁味）
6913189537707,同享冰糖杨梅
6914782203334,徐福记草莓酥
6934311704859,光酥饼
6926316920259,云南小米辣
6924743916937,乐事无限田园番茄味104g
6907992504643,伊利高钙奶250ml
6907992103211,伊利畅轻发酵乳黄桃+燕麦
6906816410023,联和一番单晶冰糖
6936868700186,康之有山椒凤爪
6932850200603,太古阿胶红糖
3165143088036,扫把
6925473815682,欧标G-212办公中性笔
6938190902283,22k本子
6914973600041,德芙香浓黑巧克力43g
6948673250428,沐浴条
4072700002000,进口教土纯麦啤酒500毫升
6914557183113,珍珍薯片（烧烤味）90g
6901028015622,真龙轩云
6921168591510,农夫果园混合果蔬3种味
6971425850003,01宝矿力500ml
6917935002266,桶合味道XO酱海鲜风味
8858702414951,小老板紫菜
6920180218900,大沙示汽水1.25
6934660520247,苏菲极薄0.1日用棉柔卫生巾
6937082260524,味聚秲(木耳榨菜)
6923490601769,创顺幼砂糖
6935768922384,口水娃多味花生（五香味）
6941694900037,兆子林香港橄榄菜
6920907800944,6个装好丽友巧克力派
6911988006585,桶可比克薯片（烧烤味）
6913189536717,同享九制乌梅
6923450605226,绿箭薄荷糖12.4（薄荷味）
6902902003506,厨邦柱候酱
6906816210036,联和一番单晶冰糖
6921482334138,旺旺泡芙巧克力味18克
6901028207089,利群（蓝天）
6925303730574,阿萨姆奶茶500m      1*15
6911754104538,陈村红烧牛肉味过桥米线   1*20
6933924500117,家乐蒜香味花生400克
6902312298189,榄菊速杀王气雾剂600ml
6928803232197,洁丽拖把桶
6953776902037,纸篓(大）
6924406001222,仁王山楂酥168克
6935284413670,卫到小面筋
6917878045467,雀巢咖啡1+2奶香105g
6938888888820,香飘飘奶荼咖啡 巧克力
6926475204344,喜之郎(乳酸果冻)
6937076226628,小牙签
6920174797046,立白洗洁精2千克
6924406001208,山楂卷
6910772035015,荷花糯米粉
6920907800210,6个装好丽友蛋黄派
6901028075770,软中华香烟
6922266443787,清风纸巾（10+2）
6932924200089,芦荟饮料
6926475204474,喜之朗果粒爽水蜜桃258ml
6935253604122,好味来农家土鸡爪
6937221702410,贤哥鹌鹑蛋3种
6907878900033,胶瓶怡泉+C柠檬汽水500毫升
6926475203170,优乐美奶茶（香芋味）
6901028045902,软珍品云烟
6924746201467,南北特柴火素牛筋80g
4895065158904,爆珠葡萄味
6913189536670,同享九制香草榄
6914068001067,10卷洁柔新形象纸巾
6926475202951,喜之郎咖啡果冻
6924390201301,普通食用粗盐
6920153605232,北海道鱿鱼丝
6902227014072,嘉顿威化饼干（柠檬味）
6902022135279,蓝月亮自然清香洗衣液 2Kg
6931530700020,小苏打
6954877900120,250洁婷孖装   1*24
00011,毛巾（11元）
6930009411207,池久高低双效牙刷
6920658284284,旺旺果粒多350ml葡萄味
6926475207352,喜之郎布甸果冻
6931768500386,鲜客麻辣鹌鹑蛋
6902902003582,美味鲜蒜蓉辣椒酱
6948915800992,啃乐鲜盐焗烤腿40克
6925771301085,冠华烤花生
6930873488572,香酥条
6901028224062,金圣（滕王阁·紫光）
6913189335990,同享九制话梅
6958965501138,合味道大杯XO酱海鲜味
6903148032084,护舒宝卫生巾（10十2）
6921228699859,喜来多山楂糖水罐头700g
6921228699972,喜来多黄桃罐头 700克
80974482,健达奇趣蛋男生版20g
6920354805417,高露洁美白牙膏
6920584471222,礼盒小罐旺仔牛奶145ml
4891028703242,维他奶（原味）250ml
6903148031995,护舒宝瞬洁丝薄干爽夜用（10+2）
6952813400017,口味王青果槟榔20元
6938888888813,香飘飘奶茶(香芋)
6932378902195,石磨豆奶
6920153604266,盐焗开心果 2种
4891132011103,红双喜软（南洋）
4895065108688,爆珠香蕉味
6924160713522,无穷烤鸡小腿（蜂蜜）  1*20
6900082010017,公仔面袋(牛肉味)
6942324802080,天使空气清新剂（茉莉香）
6949034193033,雅贝洁303牙刷
6937221704339,贤哥天天主播手撕牛排味150g
6922255451427,百岁山矿泉水570ml   1*24
6944649700065,景田纯净水（中）560ml  1*24
6921168509256,农夫山泉550ml  1*28
